Time (s),Speed (km/h),Acceleration (m/s^2),Steering Angle (°),Distance to Obstacle (m),Brake Intensity (%)
0.0,57.454011884736246,0.35540200186650767,9.430653818021014,84.91419661578882,15.085803384211175
0.1001001001001001,115.07143064099162,-2.6706887174202025,-3.373059857938985,105.24920704506187,0.0
0.2002002002002002,93.1993941811405,0.7603957020119264,-0.3591788377583498,96.38558018401238,3.614419815987617
0.3003003003003003,79.86584841970367,1.2211714905676463,-6.078045745232141,90.22303788389381,9.77696211610619
0.4004004004004004,35.601864044243655,1.1195808958620797,2.215601421515366,72.04308643314825,27.956913566851753
0.5005005005005005,35.59945203362027,2.1615614511092436,-4.386335689680514,56.5652793468871,43.4347206531129
0.6006006006006006,25.808361216819947,1.6678443090978081,-5.8601484312314644,59.87067913458349,40.12932086541651
0.7007007007007008,106.61761457749351,0.9183601584568734,0.3314525689195804,104.3652257501441,0.0
0.8008008008008008,80.11150117432088,-0.14033142291729406,-9.889884016791584,96.05614536929475,3.9438546307052462
0.9009009009009009,90.80725777960456,-3.321921867031983,-9.846719347015494,92.94411665227125,7.055883347728752
1.001001001001001,22.058449429580243,0.8592364382651717,-5.6186238179628445,51.646461184580744,48.353538815419256
1.1011011011011012,116.99098521619943,0.4153753743262223,-9.265572749983576,111.59404983793038,0.0
1.2012012012012012,103.24426408004217,0.5431576743907469,-7.839484917386173,98.44532009589294,1.5546799041070614
1.3013013013013013,41.23391106782762,-2.553497151640619,-3.222787013224968,64.668622238462,35.33137776153799
1.4014014014014016,38.18249672071006,-2.1621130808165248,6.051713591596258,65.9695214117889,34.030478588211096
1.5015015015015016,38.34045098534338,2.106305706665807,1.4409728673860158,68.24759870439244,31.752401295607555
1.6016016016016017,50.42422429595377,-0.07911030771331008,0.25335451912832774,72.18838882528581,27.811611174714187
1.7017017017017018,72.4756431632238,1.3630013947452488,-4.130223535837567,75.20999129611656,24.790008703883444
1.8018018018018018,63.194501864211574,0.056636752260922345,8.635074388656328,86.08258191654146,13.917418083458543
1.9019019019019021,49.12291401980419,0.05951227899149038,-2.059699175256167,80.93583221629571,19.064167783704292
2.002002002002002,81.18528947223794,1.8765676119519954,-8.25814466408457,93.85025469281649,6.149745307183508
2.1021021021021022,33.94938606520418,-1.0320894564347478,2.3413303223560256,61.286264680478006,38.713735319521994
2.2022022022022023,49.21446485352182,0.19224155388196673,-7.723232130467972,73.59977475702331,26.40022524297669
2.3023023023023024,56.63618432936917,-0.924550577410085,-3.0955371439661583,78.2854855885373,21.7145144114627
2.4024024024024024,65.6069984217036,-0.8689924548646312,0.1482387743561766,85.79747115866135,14.202528841338648
2.5025025025025025,98.51759613930136,-0.6183442469372787,7.484450493703516,102.60050051324109,0.0
2.6026026026026026,39.96737821583598,0.4442675432674257,-0.12906839319762753,66.31282011402551,33.68717988597449
2.702702702702703,71.42344384136116,-0.9574972433269546,4.045175320633286,86.12169970274839,13.878300297251613
2.802802802802803,79.24145688620425,2.5115122511470416,9.856336779981408,91.90713046617833,8.09286953382167
2.902902902902903,24.645041271999773,-1.7892146044390078,-7.370217602040368,69.60163224673371,30.398367753266285
3.0030030030030033,80.75448519014384,-0.3737432883227181,-4.50536948960961,93.89977529419554,6.1002247058044645
3.1031031031031033,37.05241236872915,-0.8794621165483498,-2.108478488047072,72.47148962124217,27.52851037875783
3.2032032032032034,26.50515929852795,2.8939557687074657,-1.5634364292233727,63.67171278891078,36.32828721108922
3.3033033033033035,114.88855372533332,0.39310955302314926,-1.7795784946890851,114.49657258868419,0.0
3.4034034034034035,116.56320330745594,2.0636890789372697,8.1522200511311,110.33041563352545,0.0
3.5035035035035036,100.83973481164611,-2.971120746073944,4.280652889337128,96.11442785495521,3.88557214504479
3.6036036036036037,50.46137691733707,0.5341005317385177,2.158104281814076,82.2475383092945,17.752461690705502
3.7037037037037037,29.767211400638388,1.779261591246874,-3.8125456427443583,68.37312206301434,31.626877936985665
3.8038038038038042,88.42330265121569,0.16456797855084837,6.475807684425895,91.99643121996543,8.00356878003457
3.9039039039039043,64.01524937396013,2.1309607501307024,9.101210229699777,79.61015984998384,20.389840150016155
4.004004004004004,32.20382348447788,-1.0345769002007443,6.423965651004529,67.58478946794276,32.415210532057245
4.104104104104104,69.51769101112703,2.81869488037116,-9.968697896170543,87.07476948190144,12.925230518098559
4.2042042042042045,23.43885211152184,4.5977962472385006,2.72802740366814,62.70588738391695,37.29411261608305
4.3043043043043046,110.9320402078782,-0.7256771208793181,-8.977292371157986,107.02256347115353,0.0
4.404404404404405,45.877998160001695,-0.8910050428015436,-4.847855593325563,81.43878595288275,18.561214047117247
4.504504504504505,86.2522284353982,2.906768954235402,-8.809505993044567,98.48382997887353,1.5161700211264701
4.604604604604605,51.1711076089411,3.1591442914614247,2.0759090589877545,76.53873176079567,23.46126823920433
4.704704704704705,72.00680211778108,-1.0457200543065366,3.731798269852135,90.70995396272797,9.290046037272035
4.804804804804805,74.67102793432797,-0.8403736341917145,-7.710247238681898,82.1728944495263,17.827105550473703
4.904904904904905,38.485445552552704,-0.5635692177210144,-2.3232223391004103,71.2323580260104,28.767641973989598
5.005005005005005,116.95846277645586,-2.688901022068554,-0.8752698208891587,117.52576313689349,0.0
5.105105105105105,97.51328233611146,-1.8373038929683965,-2.618939564781668,97.66641169109386,2.333588308906144
5.205205205205205,113.9498941564189,-2.0082815335041357,-7.579499990296139,102.73677743511404,0.0
5.305305305305305,109.48273504276489,-1.5355951302082569,-1.621044196250491,101.48092307841713,0.0
5.405405405405406,79.78999788110852,-0.06936977477356236,5.023560956168362,84.44683375384231,15.553166246157687
5.505505505505506,112.18742350231169,0.4684294650730415,-8.579846709334891,102.16990221051732,0.0
5.605605605605606,28.84925020519195,3.1010009856281537,-8.39639971836193,62.57208460964582,37.42791539035418
5.705705705705706,39.59828624191452,-1.996708081477582,-2.9045741632803157,62.77130802506406,37.22869197493594
5.805805805805806,24.522728891053806,1.9686447969531675,8.834514232378503,62.33945611527491,37.66054388472509
5.9059059059059065,52.53303307632643,-0.4279776884510179,3.371452934458281,80.77790240709645,19.222097592903552
6.0060060060060065,58.8677289689482,-0.0989274193048659,3.5733991334512964,74.89508358373949,25.104916416260508
6.106106106106107,47.13490317738959,1.3496389843332075,-2.7616001832427006,81.16387120690364,18.836128793096364
6.206206206206207,102.87375091519293,-2.2454440431245972,1.873215824170769,103.99083590023444,0.0
6.306306306306307,55.67533266935893,0.7648194923681012,-9.797376319445132,82.99056926279975,17.009430737200248
6.406406406406407,48.093450968738075,0.3329044164261122,2.721920928190844,70.75755271510835,29.242447284891654
6.506506506506507,74.26960831582485,0.9849025280162982,8.265738951524735,91.40743029324551,8.592569706754489
6.606606606606607,34.092422497476264,0.5783372878156362,2.2514693668963837,61.58654174676157,38.41345825323843
6.706706706706707,100.21969807540397,4.9106002798217885,7.473971869326903,104.56108654188453,0.0
6.806806806806807,27.45506436797708,-1.275479968502632,4.479461109321877,64.5867288829562,35.413271117043806
6.906906906906907,118.68869366005173,-1.0619939100036353,-7.5888316719261955,112.11060292994979,0.0
7.007007007007007,97.22447692966574,-1.2462810528495287,8.049066145716836,92.73426543670861,7.265734563291389
7.107107107107107,39.87156815341724,-1.1109542383205093,-8.671123112884501,65.4604348653256,34.539565134674405
7.207207207207207,20.55221171236024,-1.2747742546130354,0.6793494509552751,63.262246947447046,36.737753052552954
7.307307307307307,101.54614284548342,2.3780330622151036,-7.157257524130847,96.0313314016207,3.9686685983792955
7.407407407407407,90.68573438476172,2.8410084959797097,-9.765867785381918,97.65889865287646,2.3411013471235407
7.507507507507508,92.90071680409874,-1.1414925874989525,-1.55931479744722,89.61466936974814,10.385330630251858
7.6076076076076085,97.12703466859458,-1.6647111462084574,-4.099185846916875,102.80438839763063,0.0
7.7077077077077085,27.404465173409037,0.9428311127728082,-0.27999012404793966,57.53961601286197,42.46038398713803
7.807807807807809,55.84657285442726,-1.1044460885619425,1.5439977346910165,80.68478611561125,19.315213884388754
7.907907907907909,31.58690595251297,1.2658636355110215,-9.125218553821053,68.9216076444865,31.0783923555135
8.008008008008009,106.31034258755935,0.4058460417025994,-7.539934097525087,99.67131220163179,0.3286877983682075
8.108108108108109,82.3298126827558,-3.031488229994464,1.1728479290085065,94.07503917680154,5.924960823198461
8.208208208208209,53.08980248526492,3.0950104026601233,-3.1366529365468354,77.84711255930024,22.152887440699757
8.308308308308309,26.355835028602364,3.5917553461910434,4.583469750988961,60.483708233337495,39.516291766662505
8.408408408408409,51.098232171566224,-1.2255773809687724,3.0458329718387933,70.50634266540207,29.493657334597927
8.508508508508509,52.518332202674706,-0.7754031198719683,6.912087259798135,66.44603764297446,33.55396235702554
8.608608608608609,92.96061783380641,0.5717307814498099,3.8498565333845054,98.22855915340166,1.7714408465983382
8.70870870870871,83.75574713552132,0.66891357997405,-1.4013784521970365,84.05385971095038,15.946140289049623
8.80880880880881,108.72127425763266,1.3170885453456609,3.4593324478886487,104.83735812602288,0.0
8.90890890890891,67.22149251619493,4.020409077532699,-4.49237651489163,82.29350517768621,17.706494822313786
9.00900900900901,31.95942459383017,-0.3538944549880988,-3.873730024435746,69.37542617410605,30.624573825893947
9.10910910910911,91.3244787222995,-1.5965944890769075,5.779703198415866,94.15201186370042,5.847988136299577
9.20920920920921,96.07850486168974,-2.7586384560290544,-1.071609671968357,96.39201349910941,3.60798650089059
9.30930930930931,76.12771975694963,-1.4618600798838381,5.96760681036705,91.72321339991629,8.27678660008371
9.40940940940941,97.0967179954561,-0.06625394574759419,6.448447473365569,100.22364914314865,0.0
9.50950950950951,69.37955963643907,3.5891157270355754,7.151246753225674,86.27055960413342,13.729440395866575
9.60960960960961,72.2732829381994,-1.0352225980723428,8.332704716824146,88.48297941814234,11.517020581857665
9.70970970970971,62.75410183585496,0.447575903277797,-1.3802955897340752,73.69919030189195,26.300809698108054
9.80980980980981,22.54191267440952,-0.03284579214550415,-3.6226636335772238,65.05489973713966,34.945100262860336
9.90990990990991,30.789142699330444,2.376786546896168,1.6439749318822763,68.45691531973324,31.54308468026676
10.01001001001001,23.142918568673426,5.053864851747243,-2.576551531247448,56.488043641454226,43.511956358545774
10.11011011011011,83.64104112637804,-1.0617375458406413,2.0214833360046587,90.60011819481801,9.399881805181991
10.21021021021021,51.43559810763267,-0.9788788850364443,4.111717252876492,75.52126261567818,24.478737384321818
10.31031031031031,70.85706911647029,2.088321754138144,3.768100369842738,84.75605063622648,15.243949363773524
10.41041041041041,110.7566473926093,1.3637829792526228,-2.508942259597573,107.04762352914732,0.0
10.51051051051051,44.92922291488749,3.693414651472067,-6.662795966024944,79.62144536659966,20.37855463340034
10.61061061061061,61.038292303562976,1.1678563706519278,-1.3894132307558493,85.92797979014563,14.072020209854372
10.710710710710712,95.55511385430486,-0.7185841815741191,-7.148117118361825,91.2164609599954,8.783539040004598
10.810810810810812,42.87981654916224,1.1813096613846186,7.801940703676166,74.55025822611135,25.449741773888647
10.910910910910912,27.697990982879297,2.2174071611658155,-3.0824507852428518,70.4936620891167,29.506337910883303
11.011011011011012,48.975145291376805,1.640964362394728,-6.910805055533524,76.42161524913442,23.57838475086558
11.111111111111112,36.122128725400444,1.0145480622145955,-9.491044801884982,73.51596648863006,26.484033511369944
11.211211211211213,112.96976523425731,2.133349379178308,2.916447725729686,116.54623484563247,0.0
11.311311311311313,100.8120379564417,2.3385911808913455,2.7380463490948657,105.52456670875577,0.0
11.411411411411413,83.34037565104234,2.7643179820750543,-3.187916668374166,92.9167308037298,7.083269196270194
11.511511511511513,107.14605901877177,1.2974197751792853,-8.56576222304698,108.79847187980965,0.0
11.611611611611613,100.36720768991145,-0.3342361606337087,-1.8074221020953587,100.90804301044018,0.0
11.711711711711713,38.657005888603585,0.29342737286664566,-3.775650098732129,69.44801816072656,30.551981839273438
11.811811811811813,109.25589984899777,2.4130179330167136,3.542412794700187,102.87087874593023,0.0
11.911911911911913,73.93422419156508,-1.6338713419744721,2.115584989053808,94.78417888994308,5.215821110056922
12.012012012012013,100.74401551640625,0.7373466177458023,-2.7081254360492,96.27986442849311,3.720135571506887
12.112112112112113,109.60912999234932,-0.7866776246547214,-5.642148914900198,112.46640361956524,0.0
12.212212212212213,51.80034749718639,0.057489645869634974,9.760719323111836,78.39949436729505,21.60050563270495
12.312312312312313,31.005192452767677,2.5569037252145974,-0.9199675760777026,58.50606535237414,41.49393464762586
12.412412412412413,42.79351625419417,0.3821981360398067,3.7654847156047406,73.2350045920542,26.764995407945804
12.512512512512513,62.71077886262563,0.09287309631229762,-7.1889406484327845,70.8552568930547,29.1447431069453
12.612612612612613,101.80147659224932,-2.7197122819598385,-0.2882060068120431,104.02827838027983,0.0
12.712712712712714,106.07305832563435,1.4925071320544414,-9.44926560261069,107.46268657776213,0.0
12.812812812812814,20.69521305311907,1.2909683622821508,0.1091023582089985,57.385826748299266,42.614173251700734
12.912912912912914,71.07473025775657,4.32650944661092,9.280348142354047,86.1551036086562,13.844896391343795
13.013013013013014,61.7411003148779,-0.6155564699060017,-2.3158657402839955,90.64133732619037,9.358662673809633
13.113113113113114,42.21078104707303,0.43830065532787793,-9.220079748501767,68.57665700222682,31.423342997773176
13.213213213213214,31.986536733368283,0.4987673674215105,-9.38088418161313,60.69873043140113,39.30126956859887
13.313313313313314,53.7615171403628,3.1549065595269488,-2.24026480106261,84.28907558249439,15.710924417505609
13.413413413413414,114.29097039125192,-0.1905910647739042,-6.799501270736119,116.95842114827992,0.0
13.513513513513514,52.320293202075526,0.5580430515406785,-9.532958073436282,76.178624960277,23.821375039722994
13.613613613613614,71.87906217433661,1.2157930194330784,5.124272279003536,90.99684626421009,9.003153735789908
13.713713713713714,90.30189588951778,0.3732182463127162,-0.8295398223621859,101.85832752241329,0.0
13.813813813813814,56.3629602379294,-0.8928672291010565,-4.2151045605469095,74.46905895627278,25.530941043727225
13.913913913913914,117.17820827209607,0.38817998579661517,8.001663660329616,106.1625749592087,0.0
14.014014014014014,116.24472949421113,2.147263499719544,-7.677220795989488,114.27673731287923,0.0
14.114114114114114,45.17822958253642,-2.0530305988221205,9.118376579106386,81.01418618481075,18.985813815189246
14.214214214214214,69.72485058923854,0.265939348293752,-3.7206656524529436,87.67682959549104,12.323170404508957
14.314314314314315,50.087830981676966,-1.4002416298783464,7.768073446173624,70.64484372332822,29.355156276671778
14.414414414414415,48.48404943774676,2.390093257849685,2.058857529589231,84.17733027737059,15.822669722629414
14.514514514514515,23.68869473545328,-3.0463738095675494,6.53414719482975,59.18949287866682,40.81050712133318
14.614614614614615,80.95643339798968,-1.1178436945431767,9.680263264209287,88.80252779313759,11.197472206862415
14.714714714714715,70.26790232288616,0.7544237501290417,-4.2318912436250855,86.84564033389118,13.154359666108817
14.814814814814815,25.147875124998933,3.131048058468681,9.22270970815186,70.34473966607334,29.655260333926662
14.914914914914915,47.86464642366114,-0.1315005221459756,-2.210362101951593,78.2022030945917,21.797796905408305
15.015015015015017,110.82658859666537,-1.1103990533863968,-2.289761905261553,107.48762180014224,0.0
15.115115115115117,43.95618906669724,3.7623141388811803,-3.192257914909886,74.29453718393916,25.705462816060844
15.215215215215217,34.48948720912231,-2.896027800832488,0.8281521469517035,67.46231694777848,32.537683052221524
15.315315315315317,68.94527602775631,-4.397611913240164,-6.917099136430258,87.26333558647069,12.736664413529311
15.415415415415417,118.56504541106007,0.8800289001066648,1.0742297071602245,96.63472231705852,3.365277682941482
15.515515515515517,44.20552715115004,-1.0041084487052223,0.8340962482000798,70.61972628022602,29.38027371977398
15.615615615615617,87.21355474058785,-2.0424656342614265,5.2380362520974,94.81338704487783,5.186612955122172
15.715715715715717,96.16196153287176,1.4167128945987066,6.672999238751711,92.32591034833835,7.674089651661646
15.815815815815817,43.76375439923997,0.48760142754239766,-1.1911729937515183,73.81349378867779,26.18650621132221
15.915915915915917,92.82163486118596,-1.1281572614734567,-3.9533350129701255,95.38846132566236,4.611538674337638
16.016016016016017,56.77831327192532,-2.560608797341789,-4.813302053658111,87.16653512754012,12.833464872459885
16.116116116116117,83.23058305935794,1.7449146565602893,-6.107523265902561,99.48039015575326,0.5196098442467445
16.216216216216218,83.35297107608946,1.300402355917322,-8.847048356019503,89.34745769245392,10.652542307546085
16.316316316316318,73.57746840747585,-0.19835172755876582,-3.1510404233057336,86.03454564590446,13.965454354095542
16.416416416416418,29.02897700544083,3.6932739920953317,-4.595046157384335,64.14475067467845,35.85524932532155
16.516516516516518,103.5302495589238,-2.140169532652305,9.328347717328146,99.50682739866379,0.4931726013362123
16.616616616616618,52.07800649717358,-3.0510503418494777,1.154176525000878,77.01412816872742,22.985871831272576
16.716716716716718,38.651851039985424,-1.3838161397624889,-3.054459219389849,65.53451517555476,34.46548482444524
16.816816816816818,24.077514155476393,-0.09117203271099561,1.6093520198739206,56.385680403050564,43.614319596949436
16.916916916916918,79.08929431882419,0.48667889864538366,-7.21606597308609,92.65820327891343,7.341796721086567
17.017017017017018,87.75643618422824,-0.48247211571265974,-1.119125015955941,97.02586601322317,2.9741339867768346
17.117117117117118,21.658782892785617,0.7041107930285936,2.524686428421276,56.80781264809284,43.19218735190716
17.217217217217218,71.2093058299281,-2.503078848380888,-0.2220433641509718,90.08143006877705,9.918569931222947
17.31731731731732,42.649577519793795,2.887529208146519,-1.9644239869135145,68.16690011407024,31.833099885929755
17.41741741741742,84.51727904094498,-0.1643023567851376,9.876967777993965,93.5244657106624,6.4755342893376024
17.51751751751752,37.436642900499145,2.2345916631762552,7.60629524297854,72.82004151331185,27.17995848668815
17.61761761761762,89.09377381024659,0.6854506927554083,2.4681191631888026,94.37882408160473,5.6211759183952665
17.71771771771772,58.67353463005374,0.9135064383075678,1.3875472236456545,81.61047187573253,18.38952812426747
17.81781781781782,113.67299887367345,1.1395345604644078,2.413209596491681,104.25435121739888,0.0
17.91791791791792,33.75209441459933,0.8954171200346299,-5.9737578435513345,65.89371429015918,34.10628570984082
18.01801801801802,54.10663510502585,1.2854455197350878,-2.097245134713628,76.02402039811122,23.97597960188878
18.11811811811812,31.347352124058908,2.658305060264863,-9.210809342182014,61.94078432932827,38.05921567067173
18.21821821821822,112.46936182785628,0.39304233940294026,-0.4890792502634671,105.35081009834923,0.0
18.31831831831832,107.7339353380981,1.4180075151770246,0.8604916791532631,96.12387617473031,3.876123825269687
18.41841841841842,45.79416277151556,-0.17947138857445344,-5.445005277935808,70.44131265004727,29.558687349952734
18.51851851851852,85.99840460341791,2.8802344308989456,9.280576943310276,91.57482483486059,8.425175165139407
18.61861861861862,101.72222002012158,-1.3527846041185394,8.18909221874484,99.5802112475839,0.41978875241609614
18.71871871871872,75.52008115994623,3.6018808658216313,4.442864709118117,86.55255335061923,13.447446649380765
18.81881881881882,72.96505783560065,-0.08031590128868682,0.6677325753072516,86.17370791849967,13.826292081500327
18.91891891891892,44.18522909004517,-2.8615502042360963,7.3993831929536995,74.4898221354529,25.510177864547103
19.01901901901902,29.310276780589923,0.25620882982157855,-7.386953123530741,69.02772376095757,30.97227623904243
19.11911911911912,109.72157579533267,-1.3621033149497617,5.8101958854977,101.611961763425,0.0
19.21921921921922,110.04180571633304,1.6812870979774481,-7.503583720663034,99.0048985812208,0.9951014187791998
19.31931931931932,83.31014572732678,-1.3052479586047818,5.8842132509881075,86.44485080244787,13.555149197552126
19.41941941941942,53.90297910487007,-0.8923668664295594,-4.484648634972861,74.5154749464604,25.4845250535396
19.51951951951952,54.92095746126609,-3.779081461891062,7.541811620363777,75.70087214155049,24.29912785844951
19.61961961961962,92.59556788702393,-0.9046126384981534,8.880841876507958,92.44780361252468,7.55219638747532
19.71971971971972,109.71102599525771,-4.847758653257913,-7.024080611897688,98.3749296763794,1.625070323620605
19.81981981981982,108.70864242651173,-3.1678056469714466,-0.7464878986921306,102.07371707588493,0.0
19.91991991991992,97.98755458576238,1.5208293122885947,9.619747563253704,99.90091039345104,0.09908960654895793
20.02002002002002,84.20316461542878,1.5716003173016644,-0.3318512805370677,95.07672963689221,4.92327036310779
20.12012012012012,28.413996499504883,0.8509151235699295,7.270950450290904,61.41988298421084,38.58011701578916
20.22022022022022,36.162871409461374,-1.933952286258426,1.7746304426263961,66.01644659401353,33.98355340598647
20.32032032032032,109.85541885270793,-0.09542271228395971,-2.4934018416079624,100.29421788211742,0.0
20.42042042042042,80.64290596595899,-0.007205078181136809,-4.284328889482596,90.16425713110561,9.835742868894386
20.52052052052052,20.919705161662964,-2.3167293783850855,-5.935538178278255,56.21770940987741,43.78229059012259
20.62062062062062,30.14715428660321,3.0067966035343012,5.235963827553945,67.9392162095076,32.060783790492394
20.72072072072072,86.35017691080559,1.7547245811513428,-2.2691898635394425,84.24575599573224,15.754244004267761
20.82082082082082,20.50615838462187,-0.44192834765932787,0.22550924401502215,58.454930830048625,41.545069169951375
20.92092092092092,36.08080514174986,0.05377167798906156,-0.15349039997636105,69.54593926683364,30.454060733166358
21.02102102102102,74.87337893665861,0.41676561589510497,1.5455805846626252,88.35586204994183,11.644137950058166
21.12112112112112,89.18951976926932,-4.083469736848581,7.311542912491046,108.05992820453716,0.0
21.22122122122122,85.19612595026005,-0.49435476504119386,9.614786871668588,94.34706309796957,5.652936902030433
21.32132132132132,42.426930946055975,-1.363968495995597,-1.8483158285236616,66.19319248881793,33.80680751118207
21.421421421421424,91.2179221347536,-2.003240019789831,6.5503784421260605,95.13163983193144,4.868360168068563
21.521521521521525,43.72490874968001,-0.5622005857719098,5.2905558930943535,62.981222707507754,37.018777292492246
21.621621621621625,52.539969815926774,3.595373053699045,1.470579029111466,75.86698616147959,24.133013838520412
21.721721721721725,94.64914051180241,1.2816857225340197,9.120942872238661,93.15928997089742,6.840710029102581
21.821821821821825,84.96328990472146,-1.1423579795655936,-5.990509689431944,97.05859633016155,2.9414036698384507
21.921921921921925,104.9223410494178,1.1451655627123172,-7.814715793807572,99.71346915173123,0.28653084826876807
22.022022022022025,85.76128923003434,2.7987108731720043,7.079239339108444,92.29681503604093,7.703184963959075
22.122122122122125,76.83086033354716,1.8492673658255376,-1.2170036673250344,85.23764095975156,14.762359040248441
22.222222222222225,29.36747678280925,0.11926073984034825,6.93937708414121,73.37799515067128,26.622004849328718
22.322322322322325,56.77158030594335,-1.2938735554111478,7.861804103908298,76.77957632238213,23.220423677617873
22.422422422422425,46.520236768172545,1.3964466272271798,-8.750848127618571,82.42290360148228,17.577096398517725
22.522522522522525,44.39896433790835,0.7869707708434992,7.669295259721213,76.2702409795455,23.729759020454495
22.622622622622625,117.30105547524455,1.7903864400554645,-1.0336188926115568,111.0608613742992,0.0
22.722722722722725,59.30977246667604,1.270343603363939,0.2086497800846452,81.49855196992561,18.501448030074386
22.822822822822825,109.20465551771133,2.0991054306386703,2.531850221864204,106.57131424993692,0.0
22.922922922922925,83.11386259972629,-1.070470423121136,8.527652134601734,81.9185684031351,18.081431596864903
23.023023023023026,99.48113035416485,2.6347881312686514,-9.61767811140472,98.34614820632865,1.6538517936713504
23.123123123123126,70.2637093105192,0.3951992093847993,-0.46313063364365803,89.3576445111812,10.642355488818794
23.223223223223226,77.69038846263591,4.150521745250531,3.754440848611214,88.60070831394742,11.399291686052578
23.323323323323326,69.25176938188639,-1.3783756361791357,4.454139153964569,77.59993545692532,22.400064543074677
23.423423423423426,39.524298779804454,3.4719276063304987,3.8506486307421603,69.50012713701487,30.49987286298513
23.523523523523526,92.24521152615053,0.3958215669252956,-7.311297411837563,104.64313334435272,0.0
23.623623623623626,48.07723624408558,-1.3028360072288967,-4.012088232566375,80.27307669971638,19.726923300283616
23.723723723723726,22.431596643145383,-0.9677716681086431,-2.8256894916597304,60.90577827474253,39.09422172525747
23.823823823823826,84.54722959071678,-0.6406946163886403,6.088744153590099,97.03086118064881,2.969138819351187
23.923923923923926,37.71106794070489,0.8483318928038328,-4.4248025517089395,67.02299886851218,32.977001131487825
24.024024024024026,114.04585843529144,1.0456709760709992,-5.785900722655937,98.50357128351213,1.4964287164878698
24.124124124124126,115.39285770025873,-1.147400007877158,9.148960380761924,103.07409890948159,0.0
24.224224224224226,111.48643902204485,-0.04870918452196568,-9.822734297730623,113.55766335356341,0.0
24.324324324324326,57.01587002554444,4.284540717223727,9.956417113639564,77.1379696036257,22.862030396374294
24.424424424424426,21.545661652886743,3.4550863402014227,3.5364259771479123,59.55591092956828,40.44408907043172
24.524524524524526,112.83185625877253,0.8726473393480642,6.56938598898234,104.91673714801186,0.0
24.624624624624627,62.81841483173143,0.07600695633640057,-4.107612073076137,90.92989036373076,9.070109636269237
24.724724724724727,116.66548190436696,0.2400626534365226,-9.7136944466588,116.4625355289938,0.0
24.824824824824827,116.36199770892529,1.2270359454608333,4.757390371230601,119.27490002170332,0.0
24.924924924924927,105.300945546736,-2.045585130396811,6.682891940013516,101.85524672136773,0.0
25.025025025025027,49.444889206958564,-0.5147530748466902,4.809522639070384,76.20056704721476,23.79943295278524
25.125125125125127,58.50977286019253,-3.337168147755179,-7.142994253983228,71.6716736829923,28.328326317007694
25.225225225225227,105.11366715168569,0.7984462452105585,5.068558445139381,109.94150570643421,0.0
25.325325325325327,51.69220051562777,1.294391879405482,5.378455642152819,70.00720250147421,29.99279749852579
25.425425425425427,36.94927466860925,-0.966372924598748,3.1708103134010983,69.55851515311777,30.441484846882233
25.525525525525527,75.68012624583501,3.1479735265800657,5.322318655911724,82.3535504847533,17.6464495152467
25.625625625625627,113.6154774160781,-2.4515313260046825,6.918428793554643,103.86340457434557,0.0
25.725725725725727,89.6029796674973,-2.9287497604196404,2.2720822847491675,90.61517767850015,9.384822321499854
25.825825825825827,77.0061170089365,0.4489036371199441,-8.227905720606419,85.46368220108916,14.536317798910844
25.925925925925927,29.717649377076853,2.094196605224309,-0.2474438066557827,62.163211172793524,37.836788827206476
26.026026026026027,81.50072266991697,3.3678553829157374,-8.447013306567898,88.0090173603331,11.990982639666896
26.126126126126128,119.00538501042632,-0.91776852573788,-1.8491393793513833,113.6693620641147,0.0
26.226226226226228,34.0084015236524,2.1573616668625912,-1.8578702174874469,61.4798867965136,38.5201132034864
26.326326326326328,71.83296523637367,-0.07701693900141442,-8.679803117195169,87.01918975325617,12.980810246743829
26.426426426426428,107.73730719279554,-0.34525459988163926,-3.023589320610414,109.95844935792556,0.0
26.526526526526528,94.07686177542044,1.7673198749733448,-7.780038024173703,94.47244906514324,5.527550934856762
26.626626626626628,89.7015740995268,1.3046457568268393,6.164704200184442,91.26119259602538,8.738807403974619
26.726726726726728,90.24840839871092,-3.152784313968499,8.953760519289414,93.9715810734542,6.028418926545797
26.826826826826828,55.94911512197552,2.9530806994517915,-8.553670494841228,83.87318360279131,16.126816397208685
26.926926926926928,49.35918442644933,2.760182708294903,9.10230414583403,75.65013036799145,24.34986963200855
27.027027027027028,100.93611554785136,-1.2511254030190588,0.4515319867349028,97.81198630088768,2.188013699112318
27.127127127127128,101.01133946791808,0.7916070668748181,-4.0086864409225225,102.92505298989924,0.0
27.227227227227228,106.70723185801037,0.9880603725654776,-8.46275849447673,97.84215517982307,2.1578448201769334
27.32732732732733,111.32405525564712,0.5213475316478142,0.012485361408355544,109.0688251800383,0.0
27.42742742742743,71.13423988609378,-1.1006103076908402,5.890310889814973,87.61015648155573,12.389843518444266
27.52752752752753,70.15162946871996,-1.343246735876103,4.141729545333963,83.53677237866556,16.46322762133444
27.62762762762763,99.82951789667752,-0.051108141982890556,-8.995479770720525,95.7218299561026,4.278170043897404
27.72772772772773,84.99639307777652,2.3454580385187294,-8.54196329264193,88.06479192747098,11.935208072529022
27.82782782782783,90.19668772577033,1.0872003091888647,-1.9425343473472587,97.77243054461472,2.2275694553852787
27.92792792792793,99.57926694361011,-0.7412286641722119,-4.0941901190411345,105.93453598425036,0.0
28.02802802802803,109.00053418175663,1.5433974212966894,-5.352313538879043,101.31372835573434,0.0
28.12812812812813,53.79951568515358,-5.697085241260151,-4.379910021825728,79.1916913603342,20.808308639665796
28.22822822822823,57.5582952639944,2.297531400744207,6.069654865937693,68.34401253898686,31.65598746101314
28.32832832832833,29.3981939840869,-3.4794275575561993,8.58456107263708,61.77600833875745,38.22399166124255
28.42842842842843,77.8280140996174,-0.7248818828062643,-1.8979461094486716,88.75871238545419,11.241287614545811
28.52852852852853,23.59422737967421,-2.2393397892522877,8.122220042649943,57.248696604927936,42.751303395072064
28.62862862862863,66.55980181324603,-2.5893629514418115,-3.5700859750423604,78.59736903267503,21.402630967324967
28.72872872872873,74.26446347075766,2.321653574757039,-0.47126027312416774,83.7933339530344,16.206666046965594
28.82882882882883,48.65412521282844,-0.9354024026237827,-5.479420043680006,75.78802624804608,24.21197375195392
28.92892892892893,79.08332605690107,0.6930077634614316,2.8095208435168786,88.60501793641866,11.394982063581338
29.02902902902903,23.05002499390494,-0.09384115775836814,9.57962230349618,50.333856330327606,49.666143669672394
29.12912912912913,23.73481887492144,0.9540816544462429,2.0698619208675737,51.26390867428539,48.73609132571461
29.22922922922923,102.26005606596583,0.15364378212051072,-2.8437183177290226,98.09570214369704,1.9042978563029607
29.32932932932933,56.019064141126286,-2.5659844483771392,2.9563489198105675,80.2979650008309,19.7020349991691
29.42942942942943,32.70605126518848,1.99253363889428,-7.541586430692249,52.615501418968066,47.384498581031934
29.52952952952953,72.22432600548044,-0.987513166322625,7.773181605307972,83.61351212198207,16.38648787801793
29.62962962962963,96.99935530986109,-3.113163797319502,0.06167901559672728,95.86843837234343,4.131561627656566
29.72972972972973,41.58210274968432,-0.856230321931825,-1.0130051592071592,77.73274026588439,22.267259734115612
29.82982982982983,82.28904758190004,3.0015195812686217,1.7172957690703843,89.2194147323857,10.780585267614299
29.929929929929934,28.5347464993768,1.7004434842269858,2.495677255788049,66.18231817339304,33.81768182660696
30.030030030030034,25.16817211686077,-0.6973042688157184,-8.56448387546974,63.2903717588677,36.7096282411323
30.130130130130134,73.13546315681481,-0.6985154086368576,3.6523444244680476,75.9148991793714,24.085100820628597
30.230230230230234,74.06351216101065,-0.6432701024347652,-5.161366393689408,90.872792163664,9.127207836335998
30.330330330330334,83.74299014982066,4.153495967121682,4.279052650131796,92.94847760219177,7.0515223978082275
30.430430430430434,92.60913337226616,0.7638709044631067,6.450695887683935,98.84590988450603,1.1540901154939718
30.530530530530534,117.58520794625346,0.8600832943821393,6.0791701510504055,128.42379250530837,0.0
30.630630630630634,71.63003483011954,2.0605669080636844,1.0500193481577824,75.39445271756682,24.60554728243318
30.730730730730734,52.2956472941246,0.47757831805302703,0.4033978462150234,84.77130689586784,15.228693104132162
30.830830830830834,99.51861947687037,-0.5180842916414062,-7.142480773211766,98.3220721414334,1.6779278585666049
30.930930930930934,47.083225126207424,-0.39269969816995653,5.506923008062712,74.97825708511876,25.021742914881244
31.031031031031034,63.89714207056361,-0.1432025188281279,-4.571812391065713,81.72100980877559,18.27899019122441
31.131131131131134,27.845638134226597,-0.07444447301968318,-0.06609154364106828,61.80163740012308,38.19836259987692
31.231231231231234,22.53507434154575,1.4552590872739597,-4.314518141449666,58.41837252957908,41.58162747042092
31.331331331331334,116.26484146779251,0.10389177161459887,-7.323432740006137,109.7799644117613,0.0
31.431431431431434,103.59801205122058,1.4652801544311584,2.591153937834731,94.21313754225189,5.786862457748114
31.531531531531535,89.59742060936979,-0.16143316021716464,-8.913359303541924,98.55160614229374,1.4483938577062645
31.631631631631635,60.89529444142699,0.15727038063218118,4.972904682524,78.36667519628722,21.63332480371278
31.731731731731735,37.32943200708458,-3.9964013690642153,-3.6482640947776668,63.01436930834049,36.98563069165951
31.831831831831835,35.6437042671086,1.8326553494049629,-9.997306139910293,65.57178784357524,34.42821215642476
31.931931931931935,45.02428981645953,0.6929769517959854,0.22258278474459559,78.79789099254263,21.202109007457366
32.032032032032035,74.92266647061206,1.9960202197193044,-9.062961829447937,84.78465780022492,15.21534219977508
32.132132132132135,91.45959227000624,-5.792510756387379,-4.47660884358201,97.52206422605121,2.4779357739487864
32.232232232232235,86.01973767177313,4.176749409561455,4.139529749114324,89.3550874573092,10.644912542690804
32.332332332332335,47.993389694594285,-0.2791792563103475,-8.746207567562683,77.78630409691523,22.21369590308477
32.432432432432435,115.48652806631941,2.216365633475033,6.786769847120048,111.17080272711073,0.0
32.532532532532535,93.78969166957685,-2.0798118542510617,-9.923601546828337,106.13789000127048,0.0
32.632632632632635,75.43540525114007,1.2255478101251394,-5.063522615961955,86.83988289807397,13.160117101926033
32.732732732732735,81.17207462343522,-2.1068311263473123,4.818081123041429,93.92931133550714,6.070688664492863
32.832832832832835,61.96000624277899,-1.2475379213916102,-3.6745970054138644,81.47034081908423,18.529659180915772
32.932932932932935,44.773098950115745,3.8280627077335723,-7.96215223867973,78.86590838437294,21.134091615627057
33.033033033033036,55.597267865126156,-0.38136480152669316,-2.795321623991443,74.20447199451942,25.795528005480577
33.133133133133136,95.78461104643691,0.43486574635944575,-4.592134272309489,101.61733208760486,0.0
33.233233233233236,21.439348862975585,1.7401354613775084,6.854238043211097,59.74618795090438,40.25381204909562
33.333333333333336,31.607264050691626,0.9913637759452093,-3.733041648297137,65.48269113980334,34.517308860196664
33.433433433433436,24.600264202175275,0.30083781028715284,5.778649435520144,62.7588945233295,37.2411054766705
33.533533533533536,24.072880231897013,0.7299220049324509,7.8374428962146965,63.297642098081894,36.702357901918106
33.633633633633636,105.54605840110072,4.80683117047655,-1.3236516084694099,102.19188398494056,0.0
33.733733733733736,90.36578593800236,-0.11523759406717078,8.19886287708784,96.25645888485381,3.7435411151461864
33.833833833833836,67.41738290873252,0.402198093429935,-2.453638920736143,91.59928174217718,8.400718257822817
33.933933933933936,29.78341606510015,2.101308792015224,9.281568329802163,69.81895646062617,30.18104353937383
34.034034034034036,69.16158751168324,2.2110518659159677,-8.21420950948854,88.92656671832611,11.073433281673886
34.134134134134136,67.34717707805657,2.3740606111207603,3.7403853300648553,81.39589090890894,18.60410909109106
34.234234234234236,37.32018699100152,1.2774604440583692,-0.12371919086142569,64.21388935435914,35.78611064564086
34.334334334334336,63.385164923797305,-2.286009825460967,-2.247023890887059,86.46908525308741,13.530914746912586
34.434434434434436,59.85047343973734,3.266863064602192,2.6542375749720186,84.30547068251765,15.694529317482349
34.53453453453454,81.58500980522165,-2.292690786037376,4.077141832686625,98.15585828136574,1.844141718634262
34.63463463463464,83.50936508676438,0.6052709304780665,-9.91273460699382,88.73477941353605,11.265220586463954
34.73473473473474,24.53040097720445,-1.5085517000387159,-6.660938225056025,61.11745721180049,38.88254278819951
34.83483483483484,57.46126146264712,-0.12827669318598509,4.260921012686374,70.53320991869639,29.466790081303614
34.93493493493494,82.58599157142365,0.6575248206069608,3.327708271564129,89.33064025540746,10.66935974459254
35.03503503503504,70.31362585800878,0.6427144309005461,9.320950102573544,90.13966548190163,9.86033451809837
35.13513513513514,105.64898411883223,0.8438415084705695,5.22075580501566,100.49201516327513,0.0
35.23523523523524,85.8693631618945,3.227422538117294,9.01545415462676,96.13708055695137,3.862919443048625
35.33533533533534,36.29344270814297,0.9070686030279597,4.050810030696139,67.19420582408243,32.80579417591757
35.43543543543544,27.056874740042986,-0.48831327058129737,-4.0389558272111366,65.1487225111293,34.85127748887071
35.53553553553554,84.24192782063156,1.9281743365767146,-7.892701554982871,86.38250696123744,13.61749303876256
35.63563563563564,22.65113105416218,2.378940977849281,5.636477266898712,61.75161277525059,38.24838722474941
35.73573573573574,78.57755812734632,-2.455215630273985,2.8829844295183182,74.33309920916955,25.666900790830454
35.83583583583584,114.02302414249576,1.194800139699716,-9.036279752134075,106.07703128043795,0.0
35.93593593593594,77.5474177875879,1.4023454846217966,-2.798990681980433,80.62134267521824,19.378657324781756
36.03603603603604,58.816992620652194,-0.5951270067199839,9.135996309685723,85.43846889306018,14.561531106939825
36.13613613613614,84.32882184423532,2.751413626623239,0.0080229142040249,96.05144768594022,3.948552314059782
36.23623623623624,65.82528904915166,-0.30011117406505344,-1.3454172796059076,85.24599943440623,14.75400056559377
36.33633633633634,74.56167893159349,0.2511529069430845,-0.84600789681412,94.88587060159365,5.114129398406348
36.43643643643644,114.14648087765252,-0.3461436485677392,-5.822345519896725,102.32865783470207,0.0
36.53653653653654,58.610263780077425,0.03115809516293507,-2.6258565827040954,88.0419478796165,11.958052120383499
36.63663663663664,116.11905638239142,-2.1925501737904036,-2.603734880256468,112.72048601249763,0.0
36.73673673673674,110.53506419560637,-2.8801017651885887,-8.952899596250552,104.08475566170846,0.0
36.83683683683684,39.57911347892964,3.1890101264499444,5.351352570358365,75.46765747537954,24.53234252462046
36.93693693693694,26.936130087516545,-1.6939226966366556,-1.66991136192242,57.936597481700105,42.063402518299895
37.03703703703704,30.077800137742663,-1.9827846989126143,6.443597736328467,60.91632926123296,39.08367073876704
37.13713713713714,21.82218256515497,-4.30678022720743,7.006960022397909,57.868142666378986,42.131857333621014
37.23723723723724,29.44429607559284,-1.2779234953790044,-5.760118906026839,62.07725949747634,37.92274050252366
37.33733733733734,88.30067734163569,-2.6461795868149967,3.1470696434025704,88.86755045701658,11.132449542983423
37.43743743743744,27.1188648460229,3.284030320272738,-0.5543639167403658,69.67484775848807,30.32515224151193
37.53753753753754,51.89756302937613,2.0196341786852683,7.6031347584297,74.65450951283891,25.345490487161086
37.63763763763764,104.48753109694546,-1.3763006903554476,-5.685186416470918,104.00629039025713,0.0
37.73773773773774,22.327193573582587,4.5048716106886175,3.556264006200884,58.31183995472289,41.68816004527711
37.83783783783784,101.44684825889358,1.9635309739831885,2.155042445054452,91.62040762670419,8.379592373295807
37.93793793793794,48.185477477339994,-0.6496627670172449,-4.093970448563344,75.44302553062711,24.55697446937289
38.03803803803804,31.816482762165627,-4.998811429747146,-7.267981926976548,56.346966503983936,43.653033496016064
38.13813813813814,89.67371653641507,4.5818851451814835,3.0327952095455313,94.49368803778019,5.506311962219812
38.23823823823824,82.8942846779884,-2.779144933527192,4.771949162646614,84.60556714483015,15.394432855169853
38.33833833833834,107.74720135270529,-3.2907974939137836,-3.6874531247330005,113.8099806725067,0.0
38.43843843843844,93.50710438038858,2.0451408640192805,2.8966520804462768,101.31036580106789,0.0
38.53853853853854,100.34809303848486,4.879504812678546,-2.0973818477699346,100.70281547559983,0.0
38.63863863863864,48.20345725713065,2.7685456370210364,4.264137665652354,80.42026201683866,19.579737983161337
38.73873873873874,37.74395437797229,1.1278182401047192,-6.015694502118938,64.64039730165746,35.35960269834254
38.83883883883884,95.06147516408583,1.189508683330572,7.804300052723487,100.24813447539339,0.0
38.93893893893894,100.6834739267264,1.7068311175606155,-4.251808070688405,101.34078913195677,0.0
39.03903903903904,119.05051420006733,1.5178571795735303,-2.644280244876942,110.845357506702,0.0
39.13913913913914,61.26176769114265,0.5623828479387516,-8.838160958393004,86.99265134610518,13.007348653894823
39.23923923923924,57.201808579278314,0.20840220790375213,-7.769755753574472,82.26336480353817,17.736635196461833
39.33933933933934,97.64129607419969,-0.12518625579904483,0.3172380542465625,100.26426635122496,0.0
39.43943943943944,54.08035402530179,-1.5079291777333526,-4.64814646544057,68.76573983150942,31.23426016849058
39.53953953953954,113.07573256035647,-0.5613501537335481,6.709604514843889,101.73763480378092,0.0
39.63963963963964,105.84127518430118,-3.385913628390771,-9.706132226900923,102.30709292417198,0.0
39.73973973973974,62.89940273750184,-0.19667925358949978,-2.4181190265612766,81.91656324013418,18.08343675986582
39.83983983983984,95.08710677914974,-1.977182214301835,-3.2530890646181465,91.89253476620524,8.107465233794755
39.93993993993994,95.45428740846823,-2.207178634431542,-9.61344738164798,109.78552708212624,0.0
40.04004004004004,30.312386883593263,0.3597883023069569,-7.512632019989796,72.7381637180645,27.2618362819355
40.14014014014014,110.25529066795667,2.7840045726891987,-1.7271465016272955,108.13823693594075,0.0
40.24024024024024,70.52523724478571,1.836633212004626,-0.14270831105106652,85.6228029288116,14.377197071188405
40.34034034034034,102.64574661077417,-3.141001207246354,-1.9142050549026184,100.26182845588131,0.0
40.44044044044044,52.00496010306117,-1.979256273140675,0.6187535682418766,71.2428877514194,28.757112248580597
40.54054054054054,109.55232284962005,1.8815423759764318,1.9026334981136301,105.16356401740434,0.0
40.64064064064064,58.92016787341631,-1.9649747870766192,-9.801523577443287,80.7488466374219,19.251153362578094
40.74074074074074,21.083765148029837,-0.4492662999940492,-0.7180968109299215,54.3330796966068,45.6669203033932
40.84084084084084,110.53819764192636,1.1001041980491038,9.269984817751766,106.93998090718766,0.0
40.94094094094094,29.128667678613354,-1.9366889097272706,0.3806456025909739,63.788038595182925,36.211961404817075
41.04104104104104,51.93136375904149,0.2107510122919198,3.5508453491790632,66.42664409013379,33.57335590986621
41.14114114114114,115.0061967050805,-2.668050989836409,-3.7627228416623364,103.20117329864274,0.0
41.24124124124124,115.06071469375561,-1.2027352879024273,5.479827563055251,105.46232967976958,0.0
41.34134134134134,77.34378881232861,0.6395638682850739,5.458429637522302,98.11033269286527,1.8896673071347294
41.44144144144144,83.18372121697993,-3.1859874670633386,0.42592095308277855,94.37462623115876,5.625373768841243
41.54154154154154,64.84455219783197,0.880949475920798,9.52027646558427,75.74486825341653,24.255131746583473
41.64164164164164,49.32107716980646,-0.03927559785336243,-7.488995704746932,77.09072003199142,22.909279968008576
41.74174174174174,52.8664545369916,1.1049799088342955,-9.661046702208381,68.69670732380398,31.303292676196023
41.84184184184184,87.25184560770384,0.44782826812932286,5.403164235141919,99.03937807328728,0.9606219267127187
41.94194194194194,95.237452943768,2.7282808599476884,6.143110747297651,95.2631032127946,4.736896787205396
42.04204204204204,99.15790437258485,0.25044900529581454,-7.595855417588475,99.11077124259657,0.8892287574034299
42.14214214214214,98.96181427945538,-0.858811082250506,-4.6883433408278785,106.10989037743865,0.0
42.24224224224224,29.120610304869036,0.24459500606456755,-9.648952732667421,58.12448730951327,41.87551269048673
42.34234234234234,69.44203047025815,1.0865960580727758,-4.133827784388706,77.73542430956411,22.26457569043589
42.44244244244244,25.75587600166443,0.09772014065140866,5.46283747837343,59.95994136910219,40.04005863089781
42.54254254254254,74.95288823237355,0.08118338240776476,0.3592105542515789,92.66833837128335,7.331661628716645
42.64264264264264,64.1530501373377,-1.4039833756135107,-3.0380881366342383,74.47979469128464,25.52020530871536
42.74274274274275,108.77041827582998,-1.3258018351018963,-2.5652141018733943,90.22443114736214,9.77556885263786
42.84284284284285,55.09150125520787,-2.805210543599387,-9.972927485690636,75.28995633555894,24.71004366444106
42.94294294294295,31.706701642760585,3.4991534863738787,-4.0039894486952825,68.61205482093489,31.387945179065113
43.04304304304305,34.299168205283586,-2.48772647078257,2.9291748327586102,73.15089285133594,26.84910714866406
43.14314314314315,96.15106317174723,-1.3858103955918146,9.483888876327143,95.75972477544663,4.240275224553372
43.24324324324325,81.8218063316261,-1.4368145311383949,6.941216539677988,88.85377013023304,11.146229869766955
43.34334334334335,30.112267612279027,1.7898487538888825,-9.528100707089418,70.82563747741825,29.174362522581745
43.44344344344345,28.410680611499743,-0.5898993565840556,7.9712120934967885,54.85663180727277,45.14336819272723
43.54354354354355,90.096913145912,2.4954841453474677,5.663968265972519,93.10585269704096,6.894147302959041
43.64364364364365,27.276300636419354,-1.346981248487737,5.607522471419609,64.59026976783497,35.40973023216503
43.74374374374375,102.18600592903562,0.5579883244476039,-0.8400848199285704,103.33909657094298,0.0
43.84384384384385,90.62422271564962,-1.6706941065195147,-2.0398941409099436,92.76307789187041,7.2369221081295905
43.94394394394395,28.134878064189976,4.290298255546777,-3.941685423336148,64.2396440906242,35.760355909375804
44.04404404404405,28.483771408519193,-2.3751968380590256,-8.686102820912684,51.80024893719465,48.19975106280535
44.14414414414415,118.66395785011754,0.619641420454055,-5.435292730126018,106.04073686338953,0.0
44.24424424424425,57.427079575612034,1.267553761864197,-5.067927300439507,80.98108335057834,19.018916649421655
44.34434434434435,57.06421470668909,0.8275981949029965,-0.31845860579596774,73.62063718207115,26.37936281792885
44.44444444444445,101.27995672575025,-0.3705753177554166,4.948888131933879,100.93489947082311,0.0
44.54454454454455,114.72485773838586,-0.25964139946685233,-0.5238034320410669,109.59679137320643,0.0
44.64464464464465,118.6001063822871,0.0876229439582192,-8.843111011056788,107.58730718685472,0.0
44.74474474474475,95.33781852589416,-0.29400400325697723,9.155796019764079,98.52122811792994,1.4787718820700633
44.84484484484485,57.62595855309158,1.9277582335898193,8.854486381882246,73.99931645012273,26.000683549877266
44.94494494494495,28.350071669866878,4.421046003182703,5.703790862968168,63.141979436453205,36.858020563546795
45.04504504504505,97.71469159274368,-1.1149835700156672,9.82655803128441,101.90842664431796,0.0
45.14514514514515,75.8404249735805,-2.7396059591581556,0.889646656005258,88.70507729163242,11.29492270836758
45.24524524524525,62.42220092469763,-0.17656409670250964,9.255367005064123,78.27844411452914,21.721555885470863
45.34534534534535,110.6354385094736,5.159418675308637,-8.487899187664985,106.43880127619076,0.0
45.44544544544545,31.119748230615134,-1.6073491359394616,-2.6863850347725737,69.13292306849065,30.867076931509345
45.54554554554555,69.26251042908592,3.278233610888135,-5.492374639864684,74.38154882165557,25.61845117834443
45.64564564564565,21.135364476741906,3.3554016281528813,-6.083338317314599,66.36305256315043,33.63694743684957
45.74574574574575,66.86606419941262,-1.1071764834159892,-7.183941022146478,81.75175840630095,18.24824159369905
45.84584584584585,25.630327568183734,1.1379661583705507,2.448272831319933,64.94261345029301,35.05738654970699
45.94594594594595,31.881791626807193,3.256793246257076,5.626437114946102,71.92713043162973,28.072869568370265
46.04604604604605,31.752624677710486,-0.7582554819749742,1.5659679884072126,59.01794385270291,40.98205614729709
46.14614614614615,84.92103021160635,-0.40716072020472355,-7.060745808235806,88.91331009366544,11.086689906334556
46.24624624624625,94.60448792654233,-1.1633618278972875,6.222475398669417,95.85950048389265,4.140499516107354
46.34634634634635,78.33687650971596,-2.0295134613857337,2.719094143274569,85.24967064923585,14.750329350764147
46.44644644644645,116.21725484745419,-1.2985550901320142,-2.23668587746009,116.78331030291113,0.0
46.54654654654655,57.48705795237041,-2.447880533524513,3.4826059107212597,74.45966850705123,25.540331492948766
46.64664664664665,48.57120862818607,0.06816693651845214,-4.8019004151433435,71.5078704166587,28.492129583341296
46.74674674674675,106.85991281894603,-1.5399464621172836,-3.09615583011579,104.45190156748791,0.0
46.84684684684685,42.35958385194526,0.4675718235814954,8.349716862639806,65.16904429559219,34.83095570440781
46.94694694694695,116.32225394406113,-3.1117912924072546,-4.189909886571592,106.18272341324924,0.0
47.04704704704705,21.215447468981633,0.6617604644289141,-0.6002346368412681,62.19499004074169,37.80500995925831
47.14714714714715,116.98788267076391,1.6670579232178493,7.802822747920292,106.82963931346939,0.0
47.24724724724725,24.315991195057613,-3.987471285142911,4.1544270053505485,61.691061303029066,38.308938696970934
47.34734734734735,109.11431136980711,0.7481131396951443,-8.755935476705945,101.91049512266171,0.0
47.44744744744745,72.77011090862999,2.4553379849465844,-7.053939114420594,78.81270390841115,21.18729609158885
47.54754754754755,119.29647961193004,-2.419282037382411,-9.843168184561664,111.25620586266122,0.0
47.64764764764765,27.379656473539885,3.3451447736754067,2.6184358045832674,72.46449359500615,27.535506404993853
47.74774774774775,75.38542844013207,0.8380380187320904,-1.046531491791633,87.78472237398323,12.215277626016771
47.84784784784785,116.9302535619099,-1.4100237115168177,-7.314502981954489,109.5914473671927,0.0
47.94794794794795,72.30978441701488,-0.11153815531541202,9.15868242113541,89.61850598409174,10.38149401590826
48.04804804804805,82.93986381352624,1.1166538250434448,0.5931944789123982,85.12327942402963,14.876720575970367
48.14814814814815,89.57486889846172,0.152010782824823,-5.162134117742216,103.30000773987888,0.0
48.24824824824825,65.45410647677733,1.0775119848927384,0.012071423094150546,83.73869722050267,16.261302779497328
48.34834834834835,82.75580800840635,-1.8413471861587325,3.592406654702156,99.53718849964872,0.46281150035127894
48.44844844844845,78.43143119231001,0.338721648072156,-8.47521564052871,85.55055061853506,14.449449381464945
48.54854854854855,110.11580104909889,-2.8274289938099604,-4.50592369904216,114.14821013733857,0.0
48.64864864864865,24.544638034145787,-0.22245212269740064,6.139309817679873,66.14809648724682,33.85190351275318
48.74874874874875,48.096318959223034,-1.8078152829295795,-0.8067025919467756,76.81335990887331,23.18664009112669
48.84884884884885,115.04114840765587,-1.4710598851795331,0.9315428406458981,108.69069647559367,0.0
48.94894894894895,109.02637838909163,2.4721863504208748,-1.3436799558106145,103.27054610417358,0.0
49.04904904904905,65.56567527857129,2.182620241188538,-9.122001147139898,88.785495931655,11.214504068344993
49.14914914914915,82.01325978015367,1.218276241814354,-6.685004403596881,91.70842923931707,8.29157076068293
49.24924924924925,47.738118298113264,-2.184625529345158,-1.089167225162182,64.03371063112087,35.96628936887913
49.34934934934935,38.812115972376134,-0.6328168993896038,-5.816290691841443,63.82012567765306,36.17987432234694
49.44944944944945,66.36984049399823,2.4261953999583667,-9.000419426806426,82.25569148603537,17.744308513964626
49.54954954954955,55.33522280260528,0.2834338272798095,6.872993281036475,79.21760631713042,20.782393682869582
49.64964964964965,78.3656111850872,4.638659079963388,9.623850583282316,88.89986314804412,11.100136851955881
49.74974974974975,27.77346369649848,0.7866356787887437,5.862857479934789,69.98158579721756,30.018414202782438
49.84984984984985,117.43948076661665,0.3840982329800632,7.07569843409334,98.96423106311521,1.0357689368847929
49.94994994994995,118.62107444796028,-0.6182329284050028,-5.160457393659092,110.02847690650593,0.0
50.050050050050054,89.81617140197451,0.2670818095645646,9.212539510263994,85.81818957405149,14.181810425948512
50.150150150150154,73.60963663441204,-0.3049396727610878,-6.061485910931433,90.60337979462686,9.39662020537314
50.250250250250254,50.95276162863277,1.416217353377181,9.028596207236646,75.00408724210637,24.995912757893635
50.350350350350354,101.37950197069486,1.9134046335891681,9.89638587931902,102.78780084546803,0.0
50.450450450450454,88.47311725538793,-1.571978921015899,4.234456114920974,89.91714382474514,10.08285617525486
50.550550550550554,36.26169393448913,-2.662465907115556,9.622874635836439,74.52817162553332,25.471828374466682
50.650650650650654,111.09271844938425,-3.672410746206593,1.3907955913420729,110.75498254498638,0.0
50.750750750750754,102.2537242923169,1.0159826538250873,-4.809164336478194,104.0445836612179,0.0
50.850850850850854,114.9799913291924,-2.206733212347747,-1.2600822866875827,106.84240943027899,0.0
50.950950950950954,92.571950838836,-4.305781185904966,1.8712187075757196,99.18526184589366,0.8147381541063368
51.051051051051054,81.341519593579,0.7771572090619282,-8.5383687594597,87.13629695685275,12.863703043147254
51.151151151151154,61.82430362906189,4.985999034865581,2.4468652923449223,85.1899301096345,14.810069890365497
51.251251251251254,113.27284833540132,-0.012141823079786647,9.623556735245892,114.88382863932026,0.0
51.351351351351354,106.60638895004084,1.6769815489032838,-6.197847004325448,108.65624727491635,0.0
51.451451451451454,24.52186701061894,0.16365871709513002,5.851902325767666,58.61292115627242,41.38707884372758
51.551551551551555,22.6366974497252,-0.19777930638228533,8.157975875592388,63.12543531122812,36.87456468877188
51.651651651651655,57.64633668780496,1.8381529659755371,8.874031856404414,72.35746062510924,27.64253937489076
51.751751751751755,101.0553330781833,-0.5805490883773027,9.202712088108946,103.38961809497003,0.0
51.851851851851855,118.72761293149445,0.5347846281438059,0.4291927744294384,111.61682353005992,0.0
51.951951951951955,35.04168911035282,0.6433956123920272,9.546158159830075,58.17176285751559,41.82823714248441
52.052052052052055,79.4130715352135,-1.3361809072860975,5.146204142688777,83.89761654804494,16.102383451955063
52.152152152152155,58.08908566310215,1.9840846990730456,-6.7665712752607625,77.62884834783223,22.371151652167768
52.252252252252255,116.99143978146031,-0.3499195133908173,-0.46199787064059983,106.99142115502603,0.0
52.352352352352355,104.21189231357087,-1.5114903189856894,4.36662350744008,96.0585614796914,3.941438520308594
52.452452452452455,103.83287047111378,1.073019687140807,-5.053193683618334,103.8613288823178,0.0
52.552552552552555,66.86931597949703,-1.7969359635820745,2.812303670977748,84.69202603445108,15.307973965548925
52.652652652652655,61.48195023376652,0.056362314738256494,3.332009580932384,79.76962945699067,20.23037054300933
52.752752752752755,47.34070719307063,-0.018237993288407087,-6.746005123828683,69.89139609574349,30.108603904256512
52.852852852852855,25.637549665092713,2.171791131663156,1.301706249055126,68.06231046462918,31.937689535370822
52.952952952952955,106.47223762550531,0.9493964657599056,5.432538219572153,111.51315437819414,0.0
53.053053053053056,101.29010091300776,-0.050053917490287834,-0.02208670928116163,98.2272430372712,1.7727569627288062
53.153153153153156,119.97176732861305,1.6355325984005742,-9.75793766447785,106.92504907853242,0.0
53.253253253253256,119.66368370739053,2.7804150980346267,-9.819230618414156,112.28788018075525,0.0
53.353353353353356,75.54317056026275,1.1156206127037245,-2.859413120599756,85.98143838139644,14.018561618603556
53.453453453453456,96.89874151805105,0.020705239686761214,8.523881368635639,97.75238475570936,2.2476152442906425
53.553553553553556,114.47657298824281,-2.623672464700319,-5.426464407927824,110.93655225274478,0.0
53.653653653653656,104.96473906774115,-2.130227326150745,2.6872737774337434,92.93558909633411,7.0644109036658875
53.753753753753756,44.73481017431976,-0.6104494087093353,-5.5584825861335885,78.95891671142323,21.041083288576772
53.853853853853856,65.05441353100935,-1.2190244043185663,-3.566600206809028,82.89060938715139,17.109390612848614
53.953953953953956,32.9159415151495,-0.373942605970892,6.9608417920296795,64.40050503476384,35.59949496523616
54.054054054054056,115.40510272587224,0.11329984979421433,4.577228845398938,107.25638059182887,0.0
54.154154154154156,80.617463445088,1.0593855087134616,-8.092014453735787,90.12087849764659,9.879121502353414
54.254254254254256,42.86428055034627,-0.14099755611818243,-1.4259595802713285,62.776133757948514,37.223866242051486
54.354354354354356,87.17006844058567,0.9730032876524038,-9.416604727094711,101.05972535755902,0.0
54.454454454454456,81.81282404578958,0.12894882962024048,-0.38219706793982056,91.11304018424788,8.886959815752121
54.55455455455456,55.81627180328405,-3.9509331327077426,3.2486802340213607,80.1231465538789,19.876853446121103
54.65465465465466,31.355759219962902,-1.8786707876375086,-7.629947528036968,70.43562846285165,29.564371537148347
54.75475475475476,87.15731955927996,-0.28817511144323094,-4.222301221816687,88.47284749183848,11.527152508161521
54.85485485485486,72.03077009037932,-2.419389485682215,-2.043267489956861,88.3827445403658,11.617255459634194
54.95495495495496,97.23183917356393,1.199857459992409,8.390620493120995,97.27771413228798,2.722285867712017
55.05505505505506,72.01635011119933,3.0615016646873947,9.86510030845928,90.24202893168213,9.757971068317872
55.15515515515516,105.21815003185401,2.4375237033946333,-9.101774020087683,91.97293791416953,8.027062085830465
55.25525525525526,75.19068387744855,-0.426885741860416,5.22015846990784,87.09987043751794,12.900129562482064
55.35535535535536,76.09379715353862,2.981452273699904,-2.5655186719531358,85.0327952978495,14.967204702150497
55.45545545545546,107.66536026583451,0.2973349144042231,-2.1508362754103993,105.99399488608803,0.0
55.55555555555556,60.3482866212397,-0.6741719422360787,5.085299466940453,82.52436424746087,17.475635752539134
55.65565565565566,33.40152284506407,-1.2268053270818795,8.368528642908174,63.16263194842191,36.83736805157809
55.75575575575576,22.878267631333898,-0.6049393729762567,9.018571890050968,57.878264494786734,42.121735505213266
55.85585585585586,95.5137255673619,-0.7763536370824575,1.5424517207664152,97.20353594089431,2.7964640591056877
55.95595595595596,82.03095513534646,0.3408324447509754,-2.857576813989944,86.53226643109718,13.467733568902815
56.05605605605606,90.40797680992236,0.3211479620997292,5.750981717175584,99.41390688222181,0.5860931177781907
56.15615615615616,41.296416150891076,0.006092040306828939,-4.979972334753995,68.80217207320831,31.19782792679169
56.25625625625626,33.63714755867697,0.8738763394926997,1.2814805766703543,52.283632682730286,47.716367317269714
56.35635635635636,21.45446656678819,2.3812925495726827,-2.8284307695025372,58.853123000285066,41.146876999714934
56.45645645645646,55.058755880659696,1.8991082708826474,3.1326214741575225,72.33665883610999,27.66334116389001
56.55655655655656,78.99176868546331,-2.969795936899807,-5.192021742129862,81.33950526542694,18.660494734573064
56.65665665665666,59.22440450997323,-5.10784226980391,-6.168141085303485,73.42506906387375,26.57493093612625
56.75675675675676,63.747492202372904,1.8686398224785474,8.364781733508742,82.4207884603513,17.579211539648696
56.85685685685686,110.41586944937484,-2.733757396830842,-7.963926341009262,111.85113886592858,0.0
56.95695695695696,54.82554670233004,-0.4495308037853671,0.11915815469863311,78.97869572048991,21.02130427951009
57.05705705705706,71.39894891598108,-2.340226052118719,-5.582944340739822,82.66695751691184,17.333042483088164
57.15715715715716,98.3653012741143,-3.6039608751600394,-9.22140073348665,101.46217161291067,0.0
57.25725725725726,59.65427823212701,1.082925456409576,-9.279623634171472,77.53168756496855,22.46831243503145
57.35735735735736,82.20867002278735,1.5183103206052937,-6.495564557883453,87.63133316557796,12.368666834422044
57.45745745745746,106.23637087467452,-1.1530208014534389,7.335407090120004,97.34637209617233,2.653627903827669
57.55755755755756,114.9520623657642,-5.18208458428982,-4.350425120459467,98.71688714912352,1.2831128508764778
57.65765765765766,34.70734809290379,-1.0924888965049655,9.009183411505916,65.40405551365467,34.59594448634533
57.75775775775776,112.65876251614944,0.783608010805093,1.6324458597838714,107.11964870767538,0.0
57.85785785785786,69.21162930795381,-2.9578231375482575,-1.2677162046246782,84.12269630390246,15.877303696097542
57.95795795795796,45.82443882989584,0.3667198395583113,1.6017766933890911,70.83238477521112,29.167615224788875
58.05805805805806,65.91357562382613,-0.030619698345991115,0.33396770452535485,78.22805750842917,21.771942491570826
58.15815815815816,118.0032575285477,1.1585829992021768,5.175525075146503,112.0428597226987,0.0
58.25825825825826,69.26180939928696,0.23916073682830652,-4.350078680542955,78.04524509991056,21.95475490008944
58.35835835835836,52.875161028750824,-1.946137881763111,-2.938992167993952,80.31772008359279,19.68227991640721
58.45845845845846,83.34008543167258,2.3931430033289827,7.881886050665013,86.65895762120266,13.34104237879734
58.55855855855856,44.014561877819304,-0.31705914605394003,8.929130263008108,68.24510475214447,31.75489524785553
58.65865865865866,27.58633281086639,-0.05460907901986372,7.851164549729489,56.45924045235481,43.54075954764519
58.75875875875876,32.88797219106492,-1.866535918146392,-1.611040120853728,63.93697536110428,36.06302463889572
58.85885885885886,32.80458389577724,-0.8865645023830206,5.607310060137634,71.2788542402785,28.721145759721495
58.95895895895896,35.19026935122943,-1.7696054280538018,-0.4732853339780245,70.17327511783449,29.826724882165507
59.05905905905906,33.882717264941014,-0.345892119846846,-0.049202957077955745,71.83346919261069,28.166530807389307
59.15915915915916,84.08747448032146,3.423416960284687,-5.906397818854321,94.65444996983042,5.345550030169576
59.25925925925926,38.18800843991448,-2.7438022858627127,1.82260606517033,63.5756550773054,36.4243449226946
59.35935935935936,54.56672833238632,-3.2271227957534823,-6.277282044933042,75.62941804455538,24.37058195544462
59.45945945945946,109.67884099060119,2.942340654987217,-3.368706018656125,100.93842484971329,0.0
59.55955955955956,67.39616402628724,-0.41864735430373223,7.100604032398703,90.35095653333882,9.649043466661183
59.65965965965966,86.75577385210272,-1.3381454773198331,-5.858483815782895,87.39394369391981,12.606056306080191
59.75975975975976,37.231987120162984,2.079809374792153,-8.576834296531343,73.08448200702705,26.91551799297295
59.85985985985987,39.22890188086708,-1.2112310794737282,-8.619848147743674,74.07922029097739,25.92077970902261
59.95995995995997,24.086861626647888,3.6520194270938724,8.815690410062157,71.19153182190438,28.808468178095623
60.06006006006007,36.893506307216455,1.3558517426785381,0.13840875923669316,66.39832019046074,33.60167980953926
60.16016016016017,47.859033903195865,-0.9758228162914053,-1.8117585636596338,77.49112774949874,22.508872250501256
60.26026026026027,37.70104842767468,4.314616426531007,6.217571620158367,80.25878339653154,19.74121660346846
60.36036036036037,28.87025337570556,-1.2114298460066768,6.716518558210321,61.34691830318429,38.65308169681571
60.46046046046047,32.063587110060084,1.484190744018614,-3.356179337687908,58.35659231736825,41.64340768263175
60.56056056056057,66.07787680327257,0.5985851608129839,3.872361149475905,73.63888823209747,26.36111176790253
60.66066066066067,40.63337184057925,2.603482578797596,5.422456317037732,73.88024606459629,26.119753935403708
60.76076076076077,56.42698610480755,3.1230223934537054,3.0930137373190902,68.79774201211086,31.20225798788914
60.86086086086087,70.34172708548569,0.06400829813153325,-6.968098503998013,83.30926827805322,16.690731721946776
60.96096096096097,89.03948286293652,-1.506835740692367,7.517661670341141,96.70630736666307,3.2936926333369314
61.06106106106107,23.931213984109895,0.9199442858782328,0.7818910547201732,62.89148467620451,37.10851532379549
61.16116116116117,99.94103989090426,-1.3554307395042122,-4.350551472599927,102.097744266373,0.0
61.26126126126127,82.79003894909079,4.026774495053246,-1.495436291246122,92.50646875354967,7.493531246450331
61.36136136136137,28.17590319488719,0.2730706621654749,-9.248578192021853,70.48228066401056,29.51771933598944
61.46146146146147,107.35786241067773,-0.7306431026242174,-7.442663975551649,98.91734930164489,1.0826506983551099
61.56156156156157,112.08724005318132,0.3693606117298168,5.310935010317216,102.658644334298,0.0
61.66166166166167,26.107795985486376,-2.694252579059393,-9.999767304892677,59.19060076638907,40.80939923361093
61.76176176176177,47.687764814720374,-1.943228077021303,-1.6686834303541573,77.99484146667324,22.005158533326764
61.86186186186187,100.62012797930613,2.4008278158888507,0.4502036217117684,104.81205693162838,0.0
61.96196196196197,94.82596903836584,-1.3137885579427915,-8.907311599980554,99.66911111577545,0.33088888422454943
62.06206206206207,38.45210193563773,-2.093821965363879,9.461563259446656,75.1435193022685,24.8564806977315
62.16216216216217,40.93493233367103,1.0733055050545723,-5.477493375006562,64.57726182995361,35.42273817004639
62.26226226226227,57.0472102791382,2.371408309325994,-3.916025607274383,86.85972569732479,13.14027430267521
62.36236236236237,68.45229851910213,1.4379066213301335,-3.921149754899453,91.84234236811236,8.157657631887645
62.46246246246247,81.8254771530296,1.9920953716116327,-5.391666757653002,94.59084856274353,5.409151437256469
62.56256256256257,56.891363956977244,-1.5135901771389215,-9.970523558273772,87.35467652234392,12.645323477656078
62.66266266266267,66.25347161331479,-2.8436213334836875,4.5868958817599275,74.84361976826852,25.156380231731475
62.76276276276277,94.74709381337566,3.0026673039109735,9.336909995985707,94.75130622537458,5.248693774625423
62.86286286286287,23.66832028905979,-0.6453596776842715,-5.514130334299098,58.157642841120136,41.842357158879864
62.96296296296297,45.24369443440207,-0.5016660329100947,3.2609438360684493,76.22924383598776,23.77075616401224
63.06306306306307,91.33495858845524,2.656388283698116,4.837926539174301,90.4167755962169,9.583224403783106
63.16316316316317,109.52068376871993,1.1124600188013198,6.968507581810496,108.54781763104741,0.0
63.26326326326327,71.16774421156661,0.9117755441632153,-1.5474160597278175,92.43655282576688,7.563447174233119
63.36336336336337,73.21134852653157,4.330004689802168,-3.9413818871914152,90.08168876368578,9.918311236314224
63.46346346346347,30.717201133977603,-1.287036460760286,-3.494097319539378,66.7773556852963,33.2226443147037
63.56356356356357,64.74123668234546,1.8556802561624743,4.252426661970256,77.43125163666899,22.56874836333101
63.66366366366367,73.2617266455023,0.114026249794169,6.335589330112722,82.39660849212433,17.60339150787567
63.76376376376377,44.247050363472965,0.5371845577265139,-6.367720644867947,78.37161970821981,21.62838029178019
63.86386386386387,46.924323094938096,3.0569368528250633,-2.5811798368446954,77.35890656699571,22.641093433004286
63.96396396396397,57.728416310462265,1.0156715125792475,8.038803934983001,78.6691105583434,21.330889441656595
64.06406406406407,22.007119777772637,1.076592158099266,6.133870393894785,58.91401216005686,41.08598783994314
64.16416416416416,52.20791655831783,2.1450146746196044,9.697168055249517,65.97491891360204,34.02508108639796
64.26426426426427,41.14480069965447,-0.7299054590857706,5.084965193641615,65.21813825640504,34.78186174359496
64.36436436436436,52.74973521779147,-1.6784193346780127,-2.1360959794415546,85.93196304459434,14.06803695540566
64.46446446446447,31.97621318192512,-2.089618388042067,1.8127566798927557,59.58582873595022,40.41417126404978
64.56456456456456,109.0527280739895,-3.9327131787520035,3.220285084946406,105.47376314310016,0.0
64.66466466466467,79.35924535540487,4.112414259880644,-8.43088367365752,94.71684254367844,5.283157456321561
64.76476476476476,87.91023191444896,-2.2064167314433663,0.8899391820773026,87.68050261721302,12.319497382786977
64.86486486486487,98.91712386073382,-0.442507247171544,4.1864165694521915,100.38211430427233,0.0
64.96496496496496,69.84421989290573,-0.5536265997778413,-6.653573919978792,89.61168763400615,10.388312365993855
65.06506506506507,28.69202880874237,0.6148133956182015,5.612634348511143,64.40851101390744,35.59148898609256
65.16516516516516,73.71065418185478,1.6314744250785935,1.675455610282233,101.19734236926124,0.0
65.26526526526527,78.68411180208791,1.7209469767194907,9.044435713951891,80.99905960665298,19.000940393347022
65.36536536536536,94.54394741843299,-1.166154877137877,-9.151554035862166,102.56561635863589,0.0
65.46546546546547,63.16595462296794,-0.334243427572823,-4.693477248890661,80.71896862450166,19.281031375498344
65.56556556556556,32.75803027955638,0.5651599009765993,2.0310775859964814,70.23861591396157,29.761384086038433
65.66566566566567,48.37759057987245,-0.49738225236709416,-4.0688017558813865,76.39533104843245,23.604668951567547
65.76576576576576,56.30822963986351,3.2146911520399852,4.288483281424844,74.48833383438176,25.511666165618237
65.86586586586587,84.59172413316013,0.9819499032765027,5.18010565043862,93.44084402887677,6.559155971123232
65.96596596596596,77.07783046689119,1.469755572099635,-7.9496807186705105,79.24940797645415,20.75059202354585
66.06606606606607,55.60967258978462,1.3257625373348254,0.2770892841353536,80.82107379774928,19.17892620225072
66.16616616616616,118.65152487929797,2.34694771497065,0.17781111182111786,110.81655476960161,0.0
66.26626626626627,80.57748193568872,0.3620431174074139,-2.614384595689179,93.48204181105987,6.517958188940128
66.36636636636636,43.722679173599445,-2.593663895911693,8.658497251393442,77.15193121223547,22.848068787764532
66.46646646646647,30.178247262040372,0.7993759035052832,6.550126397464425,66.92722283206874,33.072777167931264
66.56656656656656,35.2859139184332,-1.302713787583658,3.9441876381927354,68.38340405820799,31.616595941792013
66.66666666666667,44.59577283845081,-1.0572333634995137,4.286532714699952,67.89254473591895,32.107455264081054
66.76676676676676,36.06813732595557,1.1727280375101865,-0.7656771237376176,64.47296484473253,35.52703515526747
66.86686686686687,38.656702405130574,2.4765661428672714,8.419890421931516,75.26202430345194,24.737975696548062
66.96696696696696,48.50951686938471,0.0425431534721233,3.891908545065707,81.43643546322224,18.56356453677776
67.06706706706707,37.33735952947548,0.6176660251979276,4.579621233116329,67.47812758317747,32.52187241682253
67.16716716716716,109.67654246264252,3.404429889270476,7.233818075746903,105.06828496758763,0.0
67.26726726726727,28.02337456616422,0.48150635897713656,-4.51856821315618,59.48861540811328,40.51138459188672
67.36736736736736,72.45113895702546,5.20336622836079,6.141418077334059,92.08935370484997,7.9106462951500305
67.46746746746747,61.03968269896615,1.1310192912630883,-6.09518794087016,83.84692546794197,16.153074532058028
67.56756756756756,118.23786169086064,-3.5215255183116354,-3.0931609551022436,118.82501802774907,0.0
67.66766766766767,31.203890216805235,1.506683242209065,-3.2877909146031463,61.21032972250392,38.78967027749608
67.76776776776777,59.785559904574164,0.7623167697655555,9.570509367782812,78.002740457196,21.997259542804002
67.86786786786787,116.94704332753689,2.579505508165491,7.1307444749585365,109.63075127639631,0.0
67.96796796796797,106.55071258939803,1.3463627025399167,4.023397231805195,106.50780398332786,0.0
68.06806806806807,101.707207094928,-0.27691196796754763,4.541135232307802,99.77526535972582,0.22473464027417833
68.16816816816817,45.79028270449398,-2.4485964725787315,1.241455888051421,68.5303358999785,31.469664100021504
68.26826826826827,37.08875873900658,-0.41804651457205055,8.94181334217038,72.95141701412115,27.048582985878852
68.36836836836838,86.8643219924431,-1.7010409084186002,-0.0748249423527696,97.03783780894945,2.9621621910505525
68.46846846846847,112.93759891275857,-1.1610468996094454,-2.389645802602109,101.88742895356066,0.0
68.56856856856858,75.67628930139298,1.1771568088412192,-6.73929326136818,94.61535865622398,5.384641343776025
68.66866866866867,77.16126894698999,3.3398090087028125,5.724113045221159,94.43162801947801,5.568371980521988
68.76876876876878,47.997909366028416,0.7893430596459622,4.688878641511829,74.67043716925316,25.329562830746838
68.86886886886887,96.94929331919369,-2.3917661240703687,-2.3128992295173028,98.87263597147702,1.127364028522976
68.96896896896898,38.704374855752334,0.8892053364402814,-9.496131720815413,72.12247628345571,27.87752371654429
69.06906906906907,52.367923640424365,2.393262973291302,6.779946554360215,71.87544646893089,28.12455353106911
69.16916916916918,62.54364386164168,-1.2195658086387644,-9.771640330918528,81.42197932664125,18.57802067335875
69.26926926926927,70.7610378684455,-0.2680343333458354,4.073995592581019,74.61860121117685,25.381398788823148
69.36936936936938,44.24097324150802,0.029376389458394186,9.40514219452114,76.50276484826868,23.497235151731317
69.46946946946947,31.483682473920354,-1.56979662616448,-1.2467734370359302,57.93437512475087,42.06562487524913
69.56956956956958,81.06200424416326,1.296560867687718,-5.300531900080944,98.04810126422663,1.9518987357733693
69.66966966966967,48.86305532402558,-0.24189629721556313,4.097420200867635,72.78092719218054,27.219072807819458
69.76976976976978,78.12382214226122,0.8390648878140555,6.342562840311704,88.00357616147473,11.996423838525274
69.86986986986987,35.43627152742023,-1.7749843556042002,0.9286063215569467,64.57946623328758,35.420533766712424
69.96996996996998,68.11401018548175,-0.8749166006468209,9.340705505122923,82.61681072313048,17.383189276869516
70.07007007007007,73.25894325515858,1.4447627156555427,-8.966625566840777,93.72212835331948,6.2778716466805236
70.17017017017018,25.18235368224269,-0.745666304183534,0.09591196609056318,50.15213355844595,49.84786644155405
70.27027027027027,53.660427819392055,3.4539277024668102,4.369078946451001,83.21504084013696,16.784959159863035
70.37037037037038,33.44146769389742,-0.7992723712292047,7.252809422983578,68.41085125245726,31.589148747542737
70.47047047047047,26.337497047276774,0.44936945150377183,-6.414887761844199,57.13364028435231,42.86635971564769
70.57057057057058,118.99602323899452,1.8651816637461798,6.000069635273629,104.12144965425108,0.0
70.67067067067067,52.235384497472296,-2.8367314658660634,1.0541415143709045,84.49965738477717,15.500342615222834
70.77077077077078,100.98744458546349,-3.5216176239615518,-2.068926360200736,95.76618789301808,4.233812106981915
70.87087087087087,45.46406547637638,-3.0513126291401895,-7.365699428418129,66.9652801852084,33.0347198147916
70.97097097097098,88.15027222239293,2.525168206854364,7.30591517817825,99.7617088230201,0.23829117697989943
71.07107107107107,96.02278598896865,-1.1037162917848935,-6.854535836405693,99.7041573759139,0.29584262408610584
71.17117117117118,79.56387406078443,5.1163985713365046,-3.8042428158180153,85.09230914771022,14.907690852289775
71.27127127127127,67.15761885501584,-1.1284951973147772,-4.1990893607512625,84.66193430453102,15.338065695468984
71.37137137137138,61.18409141472685,0.36910260639407394,7.428280683817086,75.46328228916204,24.536717710837962
71.47147147147147,54.88682665429953,3.0842199051357513,3.45405988417796,82.9475203192628,17.052479680737207
71.57157157157158,112.95291442478259,4.012185776318246,5.933627943827446,111.78331203675697,0.0
71.67167167167167,103.06194077877291,4.123007153272796,-4.99064202415002,104.19100138349617,0.0
71.77177177177178,116.50269106665125,2.416732461186285,2.497481992139978,110.05965083956072,0.0
71.87187187187187,32.42972234855447,2.048125051622925,1.4349196628749734,75.0208017986141,24.9791982013859
71.97197197197198,93.08674752036443,1.1850538984023662,6.656607535765421,96.54180539712334,3.4581946028766595
72.07207207207207,113.83404568210378,1.5567221523332755,8.12174120962521,101.00765221394788,0.0
72.17217217217218,38.12330661656601,-1.1023714326570668,-9.756864570452263,71.30902287244454,28.690977127555456
72.27227227227228,26.64962673667775,-1.6363977668446144,3.4803983811758528,73.75504861602444,26.24495138397556
72.37237237237238,94.11206492900591,-0.006748914821904103,-8.96328401760542,91.98223499857369,8.017765001426312
72.47247247247248,77.4473113179912,-0.3403692450498569,0.9771733015471185,86.91634182552566,13.083658174474337
72.57257257257258,104.1828776758272,-0.9064560986545503,-4.247345419126436,104.17366902842086,0.0
72.67267267267268,33.97723766262895,1.3927748949134306,-3.864468009557176,66.71909458628579,33.28090541371421
72.77277277277278,99.52673118598902,1.9106104171410214,-2.9408299309528685,94.85184769110795,5.148152308892051
72.87287287287288,40.162732004774455,0.1768137725836947,2.4258489809922033,75.69065528353958,24.309344716460416
72.97297297297298,36.36559428657045,2.9550601621105237,-3.319000686624616,79.78300075337152,20.216999246628475
73.07307307307308,36.42657979309929,-2.28337822826701,4.653981011805609,69.19394719166918,30.80605280833082
73.17317317317318,101.45747202313821,-0.38731891855943623,-1.9094522885226066,96.20839456288911,3.7916054371108885
73.27327327327328,86.51972206962002,-1.4336446412056099,-8.632935993800828,85.51505840954263,14.484941590457368
73.37337337337338,72.30654247691193,-3.73307323414612,5.675196849682145,87.44315114456188,12.556848855438119
73.47347347347348,55.88304841235025,-0.1653613716853985,-4.28483350814588,83.46091092275643,16.539089077243574
73.57357357357358,107.72005408131082,-0.24349501676656707,-1.344662408014747,106.23586577313232,0.0
73.67367367367368,59.244510742263536,3.026899486484262,3.708877664438031,79.6102361665375,20.389763833462496
73.77377377377378,101.65994394715771,1.261623369109555,-3.35087685702576,97.88361371463233,2.1163862853676676
73.87387387387388,63.91349085702184,-2.04837364865841,-8.868286877065687,76.49592726492047,23.504072735079532
73.97397397397398,57.69444294249076,3.7081851326683766,-2.521579059743728,83.02097810286979,16.97902189713021
74.07407407407408,66.26797856696064,2.442067391050706,8.888971653886067,87.70284739040825,12.297152609591748
74.17417417417418,50.13778741641421,1.1641954069372316,2.8346879459711634,67.34024477475343,32.65975522524657
74.27427427427428,94.76093801762511,-0.45296819769966384,3.4295829733441394,105.32966389971597,0.0
74.37437437437438,70.27203900924792,-1.9188784734469595,2.6456430727527973,88.00637560909396,11.993624390906035
74.47447447447448,43.22126951468173,-0.744413552142106,-6.020157220811264,78.60860798306983,21.39139201693017
74.57457457457458,109.95745732745685,2.177497239408372,-1.6333227179543979,98.26808992130285,1.7319100786971546
74.67467467467468,58.38912213732114,3.769172611869218,5.018795967266366,72.36544029158337,27.63455970841663
74.77477477477478,74.35528611139887,3.086487056544378,-7.972542048936817,86.43279650686296,13.567203493137043
74.87487487487488,110.6472110964547,-0.9776988435725482,-4.442944478205755,107.83752768270332,0.0
74.97497497497498,82.42379959139922,-2.2392348665780224,-4.473617830682928,100.19370391033442,0.0
75.07507507507508,31.68980407083641,0.2817724938224079,-1.3596214481098805,69.37529660449385,30.624703395506145
75.17517517517518,113.98321236134751,-3.5368787311257033,9.607374818843702,105.77819979661359,0.0
75.27527527527528,82.77080530714179,0.6463354283695629,-8.649949066323561,86.25355661524144,13.746443384758564
75.37537537537538,53.49056146570861,-0.29520517259733736,0.37401988761190097,82.89528359645004,17.104716403549958
75.47547547547548,33.927207266338726,-0.9320730037364845,-6.412706359755791,62.14007650441578,37.85992349558422
75.57557557557558,99.4025189270296,-3.189406134533591,9.413530908194883,107.84360223737642,0.0
75.67567567567568,82.00727559285136,1.027200213139433,-7.733929905450716,89.58171454839314,10.418285451606863
75.77577577577578,73.34610919763216,-1.0654016793238228,-1.927979952768176,94.62596496190534,5.374035038094661
75.87587587587588,109.38925830509577,-2.339833671420576,4.757699696692123,108.08928560284428,0.0
75.97597597597598,98.85972112245308,-5.744524426563299,4.091088560548906,98.74488311401426,1.2551168859857427
76.07607607607608,35.167487973275115,-0.05502981010127251,-1.545427262121354,64.98676212750692,35.01323787249308
76.17617617617618,51.17220677955483,3.544503193339488,-3.0695166409456354,73.881564003047,26.118435996952996
76.27627627627628,44.84891398144657,3.32251842909574,-2.047752428942589,74.56604045259948,25.43395954740052
76.37637637637638,94.3946292572677,-0.9141925131725437,-4.714474736827214,97.58309710972243,2.4169028902775693
76.47647647647648,23.353243473577937,-1.204424120723561,-5.893341225864004,58.70756469644544,41.29243530355456
76.57657657657658,76.98896848713164,0.9375485121500475,-0.3392060488222004,87.66632719197766,12.333672808022342
76.67667667667668,96.24586857406905,-1.996770878376583,-4.629324878647854,98.51581943563028,1.4841805643697228
76.77677677677679,107.67656367617495,0.6035837996389319,-4.250766702054998,93.19461136601342,6.805388633986581
76.87687687687688,54.20817487159075,1.5321605567693806,3.1351212694911403,79.39492800973888,20.605071990261123
76.97697697697699,102.12573046720128,2.453866447768615,9.370746633997843,96.1642591100166,3.8357408899833985
77.07707707707708,31.063173695520724,-0.20030815295990556,2.0727440111875026,59.76492483173164,40.23507516826836
77.17717717717719,104.64522917345182,-0.40734750035393175,-8.460410658700674,93.88589285117236,6.114107148827642
77.27727727727728,32.74886623319824,-1.755965173513122,-8.48832772291866,57.40497062725967,42.59502937274033
77.37737737737739,59.72872905603673,-1.65376070807972,9.02846441691132,73.08712701245692,26.912872987543082
77.47747747747748,99.72953657795536,-0.4529577838030535,-4.054184193853327,96.31966350082521,3.6803364991747856
77.57757757757759,34.99174273487738,0.7347310136323562,-8.158660278350492,77.26216705507153,22.73783294492847
77.67767767767768,42.92513952326415,1.8271692524664989,1.980891743007632,68.83317138215605,31.166828617843947
77.77777777777779,92.22525683930662,-1.6063579013606897,2.4729755658053225,97.00137895099346,2.9986210490065446
77.87787787787788,92.00365365460743,2.9853771379190435,2.9700964023737626,98.00423375983536,1.9957662401646417
77.97797797797799,84.11476328852973,-0.5422472020851375,-4.651959442849174,92.71270757534411,7.287292424655888
78.07807807807808,89.39484444671,-0.042734588696872314,-9.697786315710498,94.31020491972504,5.689795080274962
78.17817817817819,74.27244433475963,-1.4944233582956468,9.300307389089436,81.15975334938359,18.840246650616407
78.27827827827828,45.179905890695274,-4.848480520545883,-4.98213908617795,79.84459068674369,20.155409313256314
78.37837837837839,54.56959935039195,1.7680907927220995,3.5205257610509495,86.3207828933854,13.679217106614601
78.47847847847848,38.15977168014257,1.4736877941848667,4.132597397574191,60.66659236945786,39.33340763054214
78.57857857857859,110.84505613336283,-0.5626551142364268,2.2001483415897134,100.30238511224952,0.0
78.67867867867868,78.33917947661205,0.13398143444974384,-3.7418521157270357,87.770538026421,12.229461973579006
78.77877877877879,60.08514167636399,1.031878435408199,-4.578074924718685,75.21988186363104,24.780118136368955
78.87887887887888,66.20058036441327,-3.1250917137730854,1.9533656540540623,85.63011794948596,14.369882050514036
78.97897897897899,114.72833396118153,-1.0581053546925896,7.321912672233829,103.72280596855771,0.0
79.07907907907908,35.33514031160802,1.5885293592436542,8.934674578467913,78.49285049483703,21.50714950516297
79.17917917917919,78.62298320167972,-2.508578846338499,-7.881883911924847,95.26423457255784,4.735765427442161
79.27927927927928,70.5888678884466,0.5871158643332586,-6.903427748045603,86.35730409738437,13.642695902615628
79.37937937937939,81.14542354346477,-2.71316360924681,8.894725175661591,95.70764308833105,4.292356911668946
79.47947947947948,21.81101838208405,0.9328599648670527,4.730704566695852,66.43501131282858,33.56498868717142
79.57957957957959,107.21239089441515,-0.07128296459496714,7.659876496595462,100.78645800691635,0.0
79.67967967967968,113.21182824836124,-3.230263631811019,-5.947347317293136,102.5248279014708,0.0
79.77977977977979,76.51331835892088,2.3294787089143427,1.7517174221880367,88.64737449430868,11.352625505691321
79.87987987987988,89.66508238768922,-1.4691831535960984,4.022791888349474,99.14072181633432,0.8592781836656798
79.97997997997999,112.24993811772957,-1.620504874028762,3.6022377089394535,106.82027105213189,0.0
80.08008008008008,90.72386343133986,0.4011383944618857,-1.8369661826660373,87.47694930471494,12.523050695285065
80.18018018018019,35.25390429142614,2.2972746988574304,-9.69210216617383,63.61282992595885,36.38717007404115
80.28028028028028,77.62883601668132,-2.031643637956794,1.6585211360852625,88.44455369036876,11.555446309631236
80.38038038038039,80.6715046382856,0.1233596996959433,-4.937969216407825,89.95742429751365,10.042575702486346
80.48048048048048,62.4130671302386,0.8576330006611459,-0.9949150771421937,91.06924444906834,8.930755550931664
80.58058058058059,93.64442356247228,1.3862112145262881,9.151620301676346,89.89227206924116,10.107727930758841
80.68068068068068,113.43670147690149,0.3528831105544504,-2.019293647151306,109.24629694763011,0.0
80.78078078078079,112.55685129067763,-0.7340556781666446,6.796032133288534,113.72399118698026,0.0
80.88088088088088,65.08393714041321,-1.6551804412974394,-6.229187885014977,93.89921729732059,6.10078270267941
80.98098098098099,31.323804584075525,0.1722877660927495,3.4492099605005766,63.63991517611796,36.36008482388204
81.08108108108108,118.48411989623345,-2.144278023971214,9.540139088778869,111.69920721171772,0.0
81.18118118118119,103.88980864459342,-5.842700966989215,-7.962137982541265,104.79370610828994,0.0
81.28128128128128,32.46626812032669,0.8731196083153356,-9.83360115545616,67.2105427179298,32.7894572820702
81.38138138138139,112.08418826173724,1.8078696821723905,-1.328344147347714,105.54786812467209,0.0
81.48148148148148,106.98963620621282,-4.725864871083677,-8.147490338972656,105.67469505060664,0.0
81.58158158158159,71.88380571260721,-2.019461409419875,4.967686993524627,73.28067243020519,26.719327569794814
81.68168168168168,79.12754357449293,1.2383085220103955,8.29097327697118,92.97411923755962,7.02588076244038
81.78178178178179,59.90027038701302,4.114990939423397,-1.3195805458248238,80.58102471181635,19.418975288183645
81.88188188188188,25.47616388220313,0.04158741535081579,-4.825767156891181,61.62570745721024,38.37429254278976
81.98198198198199,53.519724164590095,-1.456005882458269,-1.3119336198678049,86.99417306089283,13.005826939107166
82.08208208208208,100.28534485980114,-0.3657928822096803,4.468956357000021,96.76800233594781,3.2319976640521872
82.18218218218219,20.463202300460285,2.7497528382963696,-9.81891676839258,58.21622120490499,41.78377879509501
82.28228228228228,53.34991716911442,-1.2919283582490706,1.7890797896939432,86.63272509558087,13.367274904419133
82.38238238238239,59.81686935909433,-1.5983840133005072,2.2658336977475813,75.74812815529789,24.25187184470211
82.48248248248248,73.7395602937923,-0.9654870443640649,2.75376493791871,84.11920373221345,15.88079626778655
82.58258258258259,111.98556164127605,-1.9066572165174247,-5.159558400382456,105.25765370348377,0.0
82.68268268268268,54.634599436596126,0.24534063198959105,4.2810544675625355,81.5209721289458,18.4790278710542
82.78278278278279,54.69532018962277,3.249356916939121,-8.172170273364472,78.38667263157795,21.61332736842205
82.88288288288288,93.75012481097484,0.6461585462320582,-6.014593270663983,90.41193566972612,9.58806433027388
82.98298298298299,65.22179408898072,-0.5047070042525752,7.54940093308964,79.95005422885441,20.049945771145588
83.08308308308308,42.4604822939982,-0.5836225378310882,4.774463014531328,68.19346898093805,31.80653101906195
83.18318318318319,65.24395161326933,-3.126381617393314,-9.725088919773095,82.23587058051943,17.764129419480568
83.28328328328328,34.085702037979985,1.766219554294318,-5.032474792603995,69.17206931213914,30.827930687860857
83.38338338338339,37.63869865062233,-0.15567439402560407,-5.711870340136709,70.91037810475103,29.089621895248968
83.48348348348348,69.83677727394797,-0.3609598271812513,-4.5838734392605485,76.03832986673197,23.96167013326803
83.58358358358359,61.89254495045479,6.386215135689722,-5.048804594402272,86.26597741303168,13.734022586968322
83.68368368368368,111.48459010681,0.5975058167313725,-8.749474085143085,107.00513928338812,0.0
83.78378378378379,56.23938991166331,-1.5035821001903686,-0.8211896680635924,85.04235519380117,14.957644806198829
83.88388388388388,78.05883502780435,-0.8527151924110866,4.654669495723303,91.25040915035554,8.749590849644463
83.98398398398399,83.22642879195304,2.2968914183935096,2.1346344943487274,97.11982918465533,2.8801708153446697
84.08408408408408,21.309445658833365,0.22654082107552892,3.4574333719615957,62.98744938666732,37.01255061333268
84.18418418418419,86.35373720167107,-2.8765559566347334,-8.377016429275217,99.90799738184927,0.09200261815072963
84.28428428428428,37.80359668697514,1.838457869150407,9.029814203535743,71.51305152357646,28.486948476423535
84.38438438438439,116.10703174694551,-1.336288171077988,6.769836676860496,107.56393964125823,0.0
84.48448448448448,34.866272775311295,3.746595552435091,6.101806369913255,78.79530998989006,21.204690010109942
84.58458458458459,61.462412372702374,2.160096131429297,6.459676100835349,85.17639179775065,14.823608202249346
84.68468468468468,28.534966807864386,-0.8946437913175024,8.654210162655225,67.13620550895425,32.86379449104575
84.78478478478479,119.68742518459473,2.562032723470226,0.8850793222739544,103.46219050960569,0.0
84.88488488488488,70.21950103312426,0.1357110210548066,-5.994359642647482,78.66821242924445,21.33178757075555
84.98498498498499,79.53850173200438,1.705547350244439,2.3356721570508228,91.23282827671144,8.767171723288556
85.08508508508508,26.70764773884275,0.9694656345889495,4.85762987335878,64.08142985826258,35.91857014173742
85.18518518518519,94.99604703991778,-1.692713309981747,4.7583478670805075,94.42741069491731,5.572589305082687
85.28528528528528,40.99055930955858,-1.287099664634924,0.4289804833376021,71.2001931528396,28.799806847160397
85.38538538538539,109.80542894407138,2.0599216351623224,-8.630825613328438,112.84584911225366,0.0
85.4854854854855,40.51396404820072,-0.6695506642130817,-2.577741231397443,73.73399439685184,26.26600560314816
85.58558558558559,39.068772066366655,-0.8072969264839934,8.415332169267145,63.82934348441963,36.17065651558037
85.6856856856857,23.65496678480949,-1.910245158698706,1.68897819514852,61.26993925669002,38.73006074330998
85.78578578578579,67.20669451099992,0.8471981311869221,0.7666388651142686,79.57851485123714,20.421485148762855
85.8858858858859,76.48411332626165,4.12504983848629,-4.62292971235613,86.30355708108802,13.696442918911984
85.98598598598599,26.57086394283524,-2.1350658285085458,-2.6310216016684222,61.21735364326941,38.78264635673059
86.0860860860861,97.55276166950105,0.04843891334551614,7.906921783063385,96.3881529217305,3.6118470782695056
86.18618618618619,65.32888347480275,2.8244411108308585,3.329260950536714,76.3887648775344,23.6112351224656
86.2862862862863,72.439026932758,-0.1592827824914303,5.747740535046656,85.58124005878805,14.418759941211945
86.38638638638639,64.07627469382282,0.9047435924994678,-0.9130915386468974,79.23509916267486,20.764900837325143
86.4864864864865,60.0763060875326,-2.1247870562937594,2.6049443891231583,65.39090959375496,34.609090406245045
86.58658658658659,75.96403313082179,0.8566141944152972,-5.03232782513585,98.24687668791921,1.7531233120807883
86.6866866866867,35.524024593071246,-0.37428853000909756,4.109216605669726,73.20586056761898,26.794139432381016
86.78678678678679,38.19281304952711,1.971459991359726,-1.4479733259332548,67.21490290013857,32.78509709986143
86.8868868868869,106.17856210135173,2.3747721031295024,-1.149089703705089,103.18337629937886,0.0
86.98698698698699,114.61154621336327,5.179127284037228,2.9864464915376328,101.44750137009383,0.0
87.0870870870871,57.330931627975296,1.1592663464271513,8.725612429378533,87.14408020304198,12.85591979695802
87.18718718718719,47.074467314355374,0.6515926331643329,-8.719873067827582,83.02367713104326,16.976322868956743
87.2872872872873,84.39995432390158,0.38876860315467204,6.494864746940152,92.9834458031834,7.0165541968166
87.38738738738739,60.87341710980964,-0.7063325856213767,-4.152337791756137,85.55436177583154,14.445638224168462
87.4874874874875,22.538635566034486,0.6769676869233823,-1.1216109098724445,62.14575167768686,37.85424832231314
87.58758758758759,35.61525973661904,-0.5908028202780589,-9.56173342449982,61.124002673929866,38.875997326070134
87.6876876876877,91.59722288473975,0.3369219525392286,-3.979078443313739,93.73949459755158,6.260505402448416
87.78778778778779,85.89239419101514,2.6351950712159193,0.05262485260260874,93.60583692936736,6.3941630706326436
87.8878878878879,22.709599250348347,-2.0130851305592823,-8.87647845305122,59.08206103145695,40.91793896854305
87.98798798798799,42.19721619329495,2.279757122258091,-0.1780854123366975,70.00534170947229,29.99465829052771
88.0880880880881,43.10747965880714,2.6342301346797306,8.542212577168545,71.096742041858,28.903257958142007
88.18818818818819,87.18927435987284,-0.23613705398215748,-7.892135637843896,93.19024469060912,6.80975530939088
88.2882882882883,21.971053775436417,-4.243709798017189,5.288814561510087,61.246819340205626,38.753180659794374
88.38838838838839,30.410858198457383,-1.215643974188865,-1.8065789324801464,59.90240376724569,40.09759623275431
88.4884884884885,99.99160853731894,2.5939890931222185,3.1034742904867603,96.41072352301978,3.589276476980217
88.58858858858859,37.85446620543336,-0.045736124597764244,-4.795268040295413,62.50431177421684,37.49568822578316
88.6886886886887,85.27461078518748,-1.9986044645898215,-6.810154749172835,97.52638314102474,2.4736168589752623
88.78878878878879,43.81827810467265,-1.0095498424564349,-6.790747714575471,61.3809043431347,38.6190956568653
88.8888888888889,29.944139275934518,1.681240053009106,-8.590161087137107,70.74002135455189,29.259978645448115
88.988988988989,44.317219099945405,1.0934671364027586,-6.28706590197514,79.09035653628692,20.90964346371308
89.0890890890891,92.22669318556592,-0.47786419833938865,3.2843876997793657,94.60244365786986,5.3975563421301445
89.1891891891892,105.56964681062857,-0.7336488236293751,7.63381223687016,89.7691379661778,10.230862033822206
89.2892892892893,103.02198645669915,-0.7835162980876438,6.282513711823235,99.70444041851313,0.2955595814868701
89.3893893893894,59.71835296184548,-1.844820368997005,3.7026861974896814,79.53825567447865,20.46174432552135
89.4894894894895,86.80851365706462,3.2307513789388835,-7.791362731777946,88.35126572888774,11.64873427111226
89.5895895895896,40.4984295415821,-0.6446409384226798,-4.216251074081003,67.67312280174983,32.32687719825017
89.6896896896897,49.31477302610133,2.434317041650993,-3.8038624935506204,82.30836250736742,17.69163749263258
89.7897897897898,109.63358185211197,3.0426321038449027,-5.0008610720475755,108.14142673756469,0.0
89.8898898898899,21.300192351073605,1.9966217962959207,0.3001131941944628,56.0272756036463,43.9727243963537
89.98998998999,28.550853085446807,-0.8632406254360968,0.7110762975934506,56.28743069474625,43.71256930525375
90.0900900900901,40.78862551460273,0.8074601806732189,-2.862280496577796,68.75922616925251,31.240773830747486
90.1901901901902,22.65322038738197,-0.04839121278183233,-2.92421682527128,60.25932629693879,39.74067370306121
90.2902902902903,38.14354350897973,-1.8074037214602563,6.571111958121627,71.55276769130646,28.447232308693543
90.3903903903904,78.30415609696922,0.648718563443206,5.7858569663937125,86.47549448564632,13.524505514353677
90.4904904904905,62.1424550592498,-2.358079582319605,-3.844083366385087,83.62872540643421,16.371274593565786
90.5905905905906,109.26717110769748,2.3753587769231275,8.275768877465186,114.30935575414989,0.0
90.6906906906907,101.7443561738441,-0.9292345945967861,9.056300340050122,104.94968319914337,0.0
90.7907907907908,54.1817351697876,0.4023193117456786,-3.465149159399184,76.85042504823994,23.14957495176006
90.8908908908909,45.94234334312925,0.5665757430922843,-2.9115010241389028,72.05541931629816,27.944580683701844
90.990990990991,57.96924081672669,-0.5178099474081547,0.11268306843917664,77.20125473746398,22.798745262536016
91.0910910910911,79.02949425148077,1.1733876029505494,8.82241625067347,95.41795168800111,4.582048311998889
91.1911911911912,46.80636408228763,-0.9498073132450489,7.52638866284623,70.26661481138731,29.733385188612687
91.2912912912913,82.41489078491341,1.7425945949144883,-7.948640748328204,91.43355893745662,8.566441062543376
91.3913913913914,60.941165219124045,-2.691959360493497,-2.1453851345716757,80.72657211896745,19.273427881032546
91.4914914914915,75.20471808519802,0.25275915909282365,1.0674237949954364,85.09343807854134,14.90656192145866
91.5915915915916,63.61265291353167,3.8778579981165695,0.06264945103080066,74.94399871734532,25.056001282654677
91.6916916916917,49.44657595419177,-2.0006626492111494,-6.1227386412621465,76.33816049518423,23.661839504815774
91.7917917917918,114.84533069621567,-1.355489941049703,7.176335423363092,107.11764548883093,0.0
91.8918918918919,96.36057941597608,1.02781569931783,3.5388156599367466,100.68149205517089,0.0
91.991991991992,34.011317576645254,0.3591635638791959,6.758167497036073,64.33765725612679,35.66234274387321
92.0920920920921,106.84679758979128,0.7012601985471184,7.1752855869894425,109.52750528896087,0.0
92.1921921921922,68.74311982495136,0.978374260295327,4.967117073314796,79.98769100641645,20.012308993583545
92.2922922922923,109.45522268940914,1.2694429371235398,-1.2157879750056537,113.28781276479404,0.0
92.3923923923924,99.98552559473153,2.2193996839124464,2.2109351003084914,91.25458024822446,8.745419751775543
92.4924924924925,62.52135044692334,0.8196373138570251,-6.792691877605137,83.43452554624614,16.565474453753865
92.5925925925926,22.24693083201174,-0.4825153092370849,3.4729083494981534,63.50061882863899,36.49938117136101
92.6926926926927,46.867735938494604,1.3451474024054626,-6.414934885214385,69.45608262954289,30.54391737045711
92.7927927927928,74.16342146608669,3.7997638697904312,3.8789918102031358,89.2036804223484,10.796319577651602
92.8928928928929,83.34782198261473,-0.2652674927651471,-5.408036784920627,98.07150434010816,1.928495659891837
92.992992992993,45.78876854332023,-1.949058609341283,-7.6489739969956005,61.81029007488979,38.18970992511021
93.0930930930931,33.93560740728241,2.2141613385739456,-6.694310197140851,69.48152774109528,30.518472258904723
93.1931931931932,103.4930236799299,-0.24076232790719648,-9.960157295618595,89.28015773831456,10.719842261685443
93.2932932932933,118.44021807035521,-4.345339092028072,4.374792357070605,104.39178501756157,0.0
93.3933933933934,72.56901823026858,1.6948433543008432,4.648020981167582,94.43034093963901,5.569659060360991
93.4934934934935,37.16792858483035,-1.0706563719078455,0.2986669982651886,65.6750541254549,34.324945874545094
93.5935935935936,47.2307326519369,-0.18106656460832155,-6.772743978892326,67.74596650392358,32.25403349607642
93.6936936936937,21.839067654746675,0.6639606611380291,-8.328913249786204,59.929845182449924,40.070154817550076
93.7937937937938,111.4298806560499,0.3809993595581328,-9.61742067125426,116.05447201884272,0.0
93.8938938938939,31.775108289014113,1.418903634278079,-6.685036460695586,56.729142908476916,43.270857091523084
93.993993993994,77.65164755142536,-0.8709727411396867,7.817110699662933,83.56927421751595,16.430725782484046
94.0940940940941,47.4055220687206,1.0262115963521654,-5.169263165966365,81.18991945025843,18.81008054974157
94.1941941941942,75.41780025157934,-0.5190933551678344,-2.9145734556556864,96.99741184347833,3.002588156521668
94.2942942942943,85.14203883518643,1.477620961775006,-7.893090310373337,92.0538632961418,7.946136703858201
94.3943943943944,102.97418037072016,1.2307349680261068,-5.552773905036594,95.29182667272686,4.708173327273144
94.4944944944945,40.64212717606032,-1.8708774040891907,0.3844914156041028,80.80028109707595,19.199718902924047
94.5945945945946,21.09958286584805,2.1719642323500645,2.155053661913051,68.52200339167001,31.47799660832999
94.6946946946947,33.68856300688073,-1.071926890228096,-5.092953716675779,70.23901644225153,29.760983557748474
94.7947947947948,110.00186418481051,1.6161155965622902,-8.845356815497656,100.93892034771817,0.0
94.8948948948949,107.38900775625153,0.7345746268026813,-2.1793426174520274,103.44935717393558,0.0
94.994994994995,79.74131021703083,3.676367353590245,-5.315932581473318,89.06885470329127,10.931145296708735
95.0950950950951,80.05168604336534,-0.4469319647437043,-5.608921535403962,91.68009954476057,8.319900455239434
95.1951951951952,86.50366745462554,-0.698633592236395,9.197256054269104,100.50684091796946,0.0
95.2952952952953,37.53712786234496,-0.03883921177546522,2.326009718514481,73.1656491368595,26.8343508631405
95.3953953953954,111.44119459249598,-0.6063595656685509,1.137568863441917,100.3337169113242,0.0
95.4954954954955,61.87705248920731,1.5998838038841001,-1.6844979295335616,87.82100849470135,12.178991505298654
95.5955955955956,58.31385282494975,-3.232621216873176,-1.4211133313971143,80.72258711254065,19.27741288745935
95.6956956956957,71.89177052828376,-2.107364838292708,0.8181000767616169,89.38121424343646,10.61878575656354
95.7957957957958,24.696596677505504,-2.135605843158386,3.9285961407221457,69.68100263514577,30.318997364854226
95.8958958958959,36.62833687560794,1.9006151839471515,4.042921923636589,62.756267190236215,37.243732809763785
95.995995995996,93.80336164263704,3.4212267451638505,-6.566121845891009,96.72255292778621,3.277447072213789
96.0960960960961,28.279866792512646,-0.208898437074943,0.0022550415325390816,61.48266063946025,38.51733936053975
96.1961961961962,80.31521094663881,-0.33764344638002125,-1.7608380993179615,82.31830834649213,17.68169165350787
96.2962962962963,44.534910968132095,0.14010432622636276,7.410539325387685,74.00100537209065,25.998994627909354
96.3963963963964,58.929561404197656,2.323756605216381,2.6283784243675274,92.02256346002095,7.9774365399790526
96.4964964964965,48.86937367706999,-1.8547062683811482,0.6500813283196365,65.23429811600622,34.765701883993785
96.5965965965966,55.567271646494916,0.47673796546957026,-7.6921071564216525,77.62223276800012,22.377767231999883
96.6966966966967,91.90459051842456,1.9503952595648595,2.1127577864682294,99.15500993458615,0.8449900654138531
96.7967967967968,49.7121715623175,1.0021883398796905,-7.6559218863953316,75.47147678943966,24.528523210560337
96.8968968968969,76.64046402968972,0.3791632331974868,-3.2558684886849587,87.75459175226617,12.245408247733835
96.996996996997,67.60504021990997,2.0020921851342823,-7.143160703713363,77.30643829272586,22.693561707274142
97.0970970970971,86.36711653626482,-5.406464585998474,3.841472940487378,94.34749198283322,5.652508017166781
97.1971971971972,113.6829739324758,1.3557506390618153,-5.874957723276948,103.05766708115827,0.0
97.2972972972973,93.25720972102503,-1.3081513662548476,-2.16281253623948,85.67899633561976,14.321003664380243
97.3973973973974,41.494037859075675,-3.661265793712914,7.913495552375572,76.71998003210649,23.28001996789351
97.4974974974975,23.118313506128466,1.0224051990499614,-5.913672332020594,66.35108585227444,33.64891414772556
97.5975975975976,46.22640442998251,2.7473170903259154,0.1561012791755818,73.37150709924664,26.628492900753358
97.6976976976977,79.50779307002549,-0.27489702925538373,-1.6145667766795597,90.89926997604125,9.100730023958747
97.7977977977978,25.142581348425033,1.9057490944058777,-9.637519179085405,67.94288073779033,32.05711926220967
97.8978978978979,69.63662472012363,3.224556515977291,5.855162271456255,85.94001064395222,14.05998935604778
97.997997997998,79.68428489168892,2.6298289071680947,-8.619081873708005,94.36223021965102,5.637769780348975
98.0980980980981,53.424389081696084,3.279929058742786,-0.5148995804609271,75.2247835364788,24.775216463521204
98.1981981981982,97.09122037458219,1.4842549821437845,1.2135658987789988,105.10552888016082,0.0
98.2982982982983,30.65982531337718,0.1508672778031856,2.568529132291742,66.933841286352,33.066158713647994
98.3983983983984,27.513778173580874,-3.203931623794337,3.7726325861575116,64.7271488048198,35.272851195180195
98.4984984984985,92.81887562036033,-0.49212497625989715,-4.934552329545698,90.05913236662,9.940867633379995
98.5985985985986,69.54913162061985,-1.6864931906323835,-9.800424466831013,86.20934508181847,13.79065491818153
98.6986986986987,88.84023964277361,4.3418854349956275,4.468873247098239,90.26034523391455,9.73965476608545
98.7987987987988,63.48273386037462,-0.3517716248646732,0.7131319869515718,78.54995329754485,21.450046702455154
98.8988988988989,44.64020332391068,0.24640961356897134,6.722354064144977,68.24322352037473,31.756776479625273
98.998998998999,101.91023176741997,1.102970752080935,6.427767258013887,95.62394122421387,4.3760587757861344
99.0990990990991,99.94158789689793,0.08720489274490745,6.866523355757664,110.59465096353378,0.0
99.1991991991992,89.46964708544267,3.390102080861506,-0.29810680040919735,101.39151885266335,0.0
99.2992992992993,47.21451372299627,-1.245298723468904,-3.3274320832626874,83.20909437221945,16.790905627780546
99.3993993993994,79.0230666869087,0.3892149104744854,5.8311640518274,83.39705824567653,16.602941754323467
99.4994994994995,56.09738969400268,-1.4849411713960965,-0.9741177394149005,78.4049635965558,21.595036403444198
99.5995995995996,29.158207332663416,-2.6400450224414116,-6.33115607193131,58.111565540311226,41.888434459688774
99.6996996996997,111.73135754622427,-1.2235381818105708,7.099480391229488,102.38720438712681,0.0
99.7997997997998,33.68186309189614,-0.07407359409682404,7.651197535446947,62.25029662886519,37.74970337113481
99.8998998998999,115.02373538208025,-0.8586044490345199,-0.6738048771965985,113.70978772324793,0.0
100.0,64.60057729579557,-1.384841959747712,-8.48600545380425,80.319140257389,19.680859742611005
